"AUC","Accuracy","Recall","Prec.","F1","Kappa","MCC","num_vars"
0.5465,0.8267,0.0625,0.0833,0.0714,-0.022,-0.0223,2
0.6611,0.7433,0.5,0.2078,0.2936,0.1682,0.1925,5
0.7322,0.7833,0.5,0.2462,0.3299,0.2181,0.2376,10
0.6452,0.7533,0.5312,0.2237,0.3148,0.1938,0.2208,20
0.6809,0.63,0.6875,0.1789,0.2839,0.1379,0.195,50
0.7078,0.46,0.8125,0.1429,0.243,0.0752,0.1456,100
0.73,0.5633,0.8125,0.1722,0.2842,0.1312,0.2137,200
0.7353,0.6033,0.75,0.1778,0.2874,0.1389,0.2084,300
0.7069,0.4567,0.875,0.1497,0.2557,0.0899,0.1795,400
0.6551,0.4867,0.8438,0.1534,0.2596,0.0965,0.1804,500
0.5886,0.56,0.625,0.1429,0.2326,0.0713,0.1097,1000
0.5287,0.7233,0.2812,0.1304,0.1782,0.038,0.0421,2000
0.4757,0.85,0,0,0,-0.0657,-0.0735,5000
0.5387,0.89,0.0323,0.25,0.0571,0.0343,0.056,2
0.6714,0.86,0.1613,0.2381,0.1923,0.1188,0.1215,5
0.7677,0.7833,0.3871,0.2069,0.2697,0.156,0.1666,10
0.7939,0.7567,0.6774,0.25,0.3652,0.2524,0.3005,20
0.8068,0.53,0.9032,0.1687,0.2843,0.1333,0.2389,50
0.7266,0.5867,0.7419,0.1655,0.2706,0.1223,0.1897,100
0.6636,0.65,0.7097,0.1864,0.2953,0.1574,0.2198,200
0.6748,0.71,0.6774,0.2143,0.3256,0.2,0.2539,300
0.6667,0.6733,0.7097,0.1982,0.3099,0.1769,0.2388,400
0.6597,0.5733,0.6774,0.1511,0.2471,0.094,0.1457,500
0.5113,0.46,0.5806,0.1078,0.1818,0.0091,0.0164,1000
0.546,0.7233,0.3226,0.1389,0.1942,0.0581,0.0656,2000
0.5583,0.8733,0.1613,0.2941,0.2083,0.1458,0.1536,5000
0.4906,0.91,0,0,0,0,0,2
0.6659,0.8467,0.1111,0.12,0.1154,0.0316,0.0316,5
0.7289,0.8233,0.3333,0.2045,0.2535,0.1598,0.1659,10
0.7525,0.77,0.4815,0.1912,0.2737,0.1663,0.1914,20
0.7832,0.7167,0.6296,0.1848,0.2857,0.1702,0.2203,50
0.732,0.4233,0.9259,0.1276,0.2242,0.0784,0.1801,100
0.6943,0.49,0.8148,0.1294,0.2234,0.0805,0.1575,200
0.6414,0.3867,0.8519,0.1133,0.2,0.0489,0.1178,300
0.6426,0.4533,0.8148,0.1215,0.2115,0.0651,0.136,400
0.583,0.41,0.7778,0.1094,0.1918,0.0403,0.0903,500
0.5399,0.4967,0.5926,0.1026,0.1749,0.0253,0.0457,1000
0.5311,0.6933,0.3333,0.1084,0.1636,0.0322,0.0398,2000
0.5189,0.8533,0.1111,0.1304,0.12,0.0406,0.0407,5000
0.529,0.8367,0.1071,0.1111,0.1091,0.0192,0.0192,2
0.5517,0.7533,0.25,0.1167,0.1591,0.0365,0.0401,5
0.7071,0.7333,0.4286,0.1579,0.2308,0.1093,0.1293,10
0.692,0.7133,0.6786,0.1979,0.3065,0.1893,0.2466,20
0.7977,0.5967,0.8571,0.1702,0.284,0.1519,0.2489,50
0.7854,0.5467,0.9286,0.1625,0.2766,0.14,0.2542,100
0.7826,0.4167,1,0.1379,0.2424,0.0938,0.2218,200
0.7408,0.4167,0.9643,0.1343,0.2358,0.0861,0.2008,300
0.6144,0.4233,0.8214,0.1204,0.21,0.0564,0.1233,400
0.5893,0.42,0.7857,0.1158,0.2018,0.0467,0.1015,500
0.5903,0.5767,0.6071,0.1278,0.2112,0.0674,0.1058,1000
0.5312,0.76,0.25,0.1207,0.1628,0.0422,0.046,2000
0.5013,0.88,0.0357,0.1,0.0526,0.0037,0.0043,5000
0.5503,0.85,0.1613,0.2083,0.1818,0.1007,0.1017,2
0.7218,0.7467,0.6129,0.2289,0.3333,0.2153,0.2552,5
0.7618,0.7333,0.6774,0.2308,0.3443,0.2248,0.2763,10
0.7666,0.71,0.7419,0.2255,0.3459,0.2227,0.288,20
0.7635,0.7,0.7419,0.219,0.3382,0.2126,0.279,50
0.7537,0.58,0.9032,0.1854,0.3077,0.1644,0.2715,100
0.7566,0.53,0.871,0.1646,0.2769,0.1248,0.2211,200
0.7828,0.6,0.9032,0.1931,0.3182,0.1783,0.2852,300
0.7627,0.5633,0.9032,0.1795,0.2995,0.1535,0.2604,400
0.6621,0.44,0.8387,0.1376,0.2364,0.0715,0.1467,500
0.6008,0.54,0.6774,0.1409,0.2333,0.0751,0.1227,1000
0.5976,0.7133,0.4516,0.1687,0.2456,0.112,0.1328,2000
0.5528,0.8633,0.1613,0.25,0.1961,0.1252,0.1288,5000
0.5976,0.8533,0.1786,0.1923,0.1852,0.1047,0.1048,2
0.7991,0.7667,0.7143,0.2439,0.3636,0.2608,0.3174,5
0.7975,0.7767,0.5714,0.2254,0.3232,0.2186,0.2527,10
0.7975,0.76,0.7857,0.25,0.3793,0.2769,0.347,20
0.8138,0.72,0.8214,0.2255,0.3538,0.243,0.3261,50
0.8065,0.7133,0.8214,0.2212,0.3485,0.2361,0.3201,100
0.6599,0.5167,0.7143,0.1274,0.2162,0.0687,0.1227,200
0.6351,0.64,0.6786,0.161,0.2603,0.1288,0.1873,300
0.5983,0.6233,0.6429,0.1488,0.2416,0.1061,0.1567,400
0.5913,0.54,0.6429,0.1233,0.2069,0.0596,0.1003,500
0.4912,0.5167,0.4643,0.0909,0.152,-0.0048,-0.008,1000
0.5307,0.73,0.2857,0.1159,0.1649,0.0371,0.0425,2000
0.537,0.8867,0.1071,0.25,0.15,0.0996,0.1099,5000
0.5056,0.1433,0.9643,0.0954,0.1736,0.0045,0.0291,2
0.6714,0.1533,0.9643,0.0964,0.1753,0.0068,0.0398,5
0.6761,0.15,0.9643,0.0961,0.1748,0.006,0.0364,10
0.7531,0.18,0.9286,0.0963,0.1745,0.0065,0.0306,20
0.7679,0.2767,0.8929,0.1046,0.1873,0.0242,0.0767,50
0.7568,0.59,0.8214,0.1631,0.2722,0.1379,0.2259,100
0.7675,0.5033,0.8214,0.1377,0.2359,0.0905,0.171,200
0.7775,0.6733,0.8214,0.1983,0.3194,0.199,0.2864,300
0.7225,0.6,0.75,0.1567,0.2593,0.124,0.1958,400
0.6805,0.4867,0.7857,0.1294,0.2222,0.0738,0.1418,500
0.4919,0.4433,0.5357,0.0888,0.1523,-0.0093,-0.0179,1000
0.4334,0.6433,0.1786,0.0562,0.0855,-0.0659,-0.0829,2000
0.5087,0.8933,0.0357,0.1667,0.0588,0.0268,0.036,5000
0.4487,0.89,0,0,0,0,0,2
0.7268,0.8267,0.2727,0.2432,0.2571,0.1594,0.1597,5
0.7264,0.7767,0.4848,0.2424,0.3232,0.2069,0.2248,10
0.7752,0.78,0.6667,0.2857,0.4,0.2908,0.33,20
0.7405,0.75,0.6364,0.25,0.359,0.2387,0.279,50
0.7768,0.4933,0.8485,0.16,0.2692,0.1032,0.1891,100
0.6667,0.3667,0.7879,0.1244,0.2149,0.0307,0.0698,200
0.5789,0.34,0.8485,0.1267,0.2205,0.0359,0.0893,300
0.586,0.3467,0.8788,0.1312,0.2283,0.0457,0.1134,400
0.587,0.3933,0.8182,0.133,0.2288,0.0488,0.1064,500
0.486,0.4633,0.5152,0.1049,0.1744,-0.0103,-0.0175,1000
0.4765,0.73,0.1515,0.0862,0.1099,-0.0353,-0.0372,2000
0.4831,0.86,0,0,0,-0.0495,-0.0618,5000
0.5408,0.1733,1,0.0982,0.1788,0.0178,0.0948,2
0.6961,0.25,1,0.1071,0.1935,0.037,0.1373,5
0.7279,0.26,1,0.1084,0.1957,0.0397,0.1423,10
0.7037,0.25,0.8889,0.0976,0.1758,0.0163,0.0564,20
0.6906,0.2967,0.8519,0.1,0.179,0.0213,0.0633,50
0.7052,0.4133,0.8519,0.1179,0.2072,0.0583,0.1331,100
0.7059,0.6533,0.7407,0.1709,0.2778,0.1541,0.2261,200
0.6924,0.6,0.7037,0.145,0.2405,0.1073,0.1693,300
0.6583,0.4167,0.7778,0.1105,0.1935,0.0427,0.0943,400
0.5486,0.3767,0.7407,0.1,0.1762,0.0209,0.0494,500
0.5511,0.4867,0.6296,0.1056,0.1809,0.0316,0.0586,1000
0.4866,0.7033,0.2222,0.0811,0.1188,-0.0151,-0.0178,2000
0.4799,0.8733,0,0,0,-0.055,-0.0614,5000
0.5137,0.2167,0.8621,0.0977,0.1754,0.0022,0.0081,2
0.7232,0.6767,0.5862,0.1667,0.2595,0.1283,0.17,5
0.7342,0.73,0.5862,0.1977,0.2957,0.1766,0.2167,10
0.7207,0.6967,0.5862,0.1771,0.272,0.1451,0.1867,20
0.7222,0.6933,0.6207,0.1818,0.2812,0.1549,0.2022,50
0.7246,0.6967,0.6552,0.19,0.2946,0.1702,0.2233,100
0.6638,0.66,0.6207,0.1651,0.2609,0.1277,0.175,200
0.6507,0.6733,0.6207,0.1714,0.2687,0.1381,0.1857,300
0.6457,0.66,0.5862,0.1589,0.25,0.1155,0.1568,400
0.6441,0.67,0.5862,0.1635,0.2556,0.1231,0.1647,500
0.6011,0.6267,0.5862,0.1453,0.2329,0.0922,0.1316,1000
0.5473,0.7967,0.2414,0.1522,0.1867,0.0772,0.0799,2000
0.5006,0.8767,0.0345,0.1,0.0513,0.0018,0.0021,5000
0.6642,0.8033,0.2581,0.1818,0.2133,0.1048,0.1069,2
0.6312,0.6233,0.4516,0.1273,0.1986,0.0445,0.0598,5
0.7369,0.7733,0.4839,0.2239,0.3061,0.192,0.2124,10
0.7574,0.7367,0.6774,0.2333,0.3471,0.2285,0.2796,20
0.7502,0.7567,0.6774,0.25,0.3652,0.2524,0.3005,50
0.7245,0.71,0.6452,0.2083,0.315,0.1881,0.2366,100
0.6399,0.42,0.7742,0.1257,0.2162,0.0467,0.0971,200
0.6433,0.4233,0.7742,0.1263,0.2172,0.0481,0.0992,300
0.627,0.42,0.8065,0.1295,0.2232,0.0549,0.1156,400
0.5954,0.38,0.8065,0.122,0.2119,0.0394,0.0898,500
0.5313,0.5433,0.5161,0.1159,0.1893,0.0248,0.0382,1000
0.4753,0.75,0.129,0.0769,0.0964,-0.038,-0.0397,2000
0.5031,0.8767,0.0323,0.125,0.0513,0.0093,0.0118,5000
0.5053,0.8633,0.0714,0.1176,0.0889,0.0198,0.0205,2
0.6534,0.8333,0.3214,0.225,0.2647,0.174,0.1775,5
0.7197,0.8,0.4643,0.2241,0.3023,0.2018,0.2201,10
0.6897,0.7167,0.6429,0.1935,0.2975,0.1799,0.2309,20
0.7251,0.6367,0.7143,0.1653,0.2685,0.1377,0.2034,50
0.6959,0.67,0.6786,0.1743,0.2774,0.1513,0.2103,100
0.5834,0.35,0.75,0.1005,0.1772,0.0151,0.0372,200
0.5613,0.3967,0.7143,0.1036,0.181,0.0215,0.0475,300
0.5729,0.4867,0.6429,0.1111,0.1895,0.0361,0.0662,400
0.5791,0.52,0.6429,0.1184,0.2,0.0503,0.0874,500
0.5735,0.5767,0.5714,0.1221,0.2013,0.0561,0.0872,1000
0.5134,0.7567,0.2143,0.1053,0.1412,0.0183,0.0199,2000
0.4958,0.87,0.0357,0.0769,0.0488,-0.0111,-0.012,5000
0.5692,0.87,0.069,0.1429,0.093,0.0321,0.0346,2
0.6873,0.8467,0.1379,0.16,0.1481,0.0644,0.0646,5
0.7766,0.83,0.3103,0.225,0.2609,0.1676,0.1703,10
0.7439,0.7333,0.7586,0.2316,0.3548,0.2427,0.3108,20
0.7589,0.4033,0.931,0.1324,0.2318,0.0752,0.176,50
0.7558,0.66,0.8276,0.1983,0.32,0.1944,0.2829,100
0.7246,0.6,0.7931,0.1679,0.2771,0.1399,0.2209,200
0.5963,0.43,0.6897,0.1099,0.1896,0.0274,0.0556,300
0.5481,0.4167,0.6552,0.1033,0.1784,0.0137,0.0281,400
0.5756,0.4733,0.6552,0.1138,0.1939,0.0349,0.0649,500
0.5124,0.51,0.5172,0.1014,0.1695,0.0093,0.0156,1000
0.4921,0.75,0.1724,0.0893,0.1176,-0.0111,-0.012,2000
0.4914,0.86,0.0345,0.0667,0.0455,-0.0219,-0.0233,5000
0.5194,0.17,1,0.1043,0.1889,0.0168,0.092,2
0.6977,0.17,1,0.1043,0.1889,0.0168,0.092,5
0.6903,0.17,1,0.1043,0.1889,0.0168,0.092,10
0.7333,0.36,0.931,0.1244,0.2195,0.059,0.1519,20
0.7363,0.27,0.9655,0.1138,0.2036,0.0371,0.1239,50
0.7142,0.5267,0.8621,0.1534,0.2604,0.1152,0.2093,100
0.7319,0.5,0.8966,0.1503,0.2574,0.1101,0.2118,200
0.6572,0.6133,0.7241,0.1628,0.2658,0.1282,0.1944,300
0.6092,0.5,0.6552,0.1195,0.2021,0.0462,0.082,400
0.6192,0.51,0.6552,0.1218,0.2054,0.0506,0.0885,500
0.5875,0.5867,0.5862,0.1318,0.2152,0.0681,0.1032,1000
0.5358,0.7733,0.2414,0.1321,0.1707,0.0523,0.0555,2000
0.4969,0.87,0.0345,0.0833,0.0488,-0.0083,-0.0092,5000
0.5588,0.16,1,0.1,0.1818,0.0146,0.0857,2
0.5738,0.1633,1,0.1004,0.1824,0.0154,0.088,5
0.6895,0.18,1,0.1022,0.1854,0.0193,0.0988,10
0.7365,0.3733,0.9286,0.1226,0.2167,0.062,0.1564,20
0.7098,0.6667,0.6786,0.1727,0.2754,0.1487,0.2077,50
0.7361,0.6967,0.7143,0.1942,0.3053,0.1859,0.2507,100
0.6552,0.5267,0.7143,0.1299,0.2198,0.0734,0.129,200
0.6035,0.4733,0.6786,0.1131,0.1939,0.0403,0.0766,300
0.6113,0.4933,0.6786,0.1173,0.2,0.0486,0.0892,400
0.5582,0.4133,0.6786,0.1022,0.1776,0.0183,0.0387,500
0.4793,0.4933,0.4643,0.0867,0.1461,-0.0133,-0.0229,1000
0.5005,0.7333,0.2143,0.0938,0.1304,7e-04,7e-04,2000
0.4798,0.87,0,0,0,-0.0556,-0.0626,5000
0.582,0.1533,0.96,0.0866,0.1589,0.0072,0.0416,2
0.5924,0.16,0.96,0.0873,0.16,0.0085,0.0473,5
0.699,0.17,0.96,0.0882,0.1616,0.0106,0.0553,10
0.7214,0.2333,0.96,0.0949,0.1727,0.0247,0.0968,20
0.7317,0.24,0.96,0.0956,0.1739,0.0263,0.1006,50
0.7515,0.5633,0.88,0.1467,0.2514,0.1267,0.2291,100
0.7084,0.52,0.84,0.1304,0.2258,0.0953,0.1834,200
0.6903,0.5167,0.76,0.1203,0.2077,0.0745,0.1409,300
0.6369,0.4667,0.84,0.1186,0.2079,0.0725,0.1533,400
0.6611,0.5433,0.8,0.1316,0.226,0.0967,0.1769,500
0.6358,0.6,0.68,0.1318,0.2208,0.0943,0.1523,1000
0.4945,0.7733,0.16,0.0784,0.1053,-0.0074,-0.008,2000
0.4927,0.9033,0,0,0,-0.0235,-0.035,5000
0.5563,0.84,0.0312,0.0556,0.04,-0.0399,-0.0418,2
0.6776,0.7933,0.1875,0.1429,0.1622,0.0467,0.0473,5
0.7186,0.8067,0.4062,0.25,0.3095,0.2045,0.2126,10
0.7194,0.77,0.625,0.2597,0.367,0.2546,0.2914,20
0.7072,0.6,0.7188,0.1716,0.2771,0.1267,0.1891,50
0.7324,0.6867,0.625,0.1961,0.2985,0.1625,0.2079,100
0.653,0.3733,0.7812,0.1214,0.2101,0.0312,0.0705,200
0.6091,0.3567,0.7812,0.1185,0.2058,0.0252,0.0589,300
0.5672,0.4033,0.75,0.1231,0.2115,0.0345,0.0724,400
0.5708,0.46,0.6875,0.1264,0.2136,0.0407,0.0753,500
0.4834,0.5933,0.3438,0.0982,0.1528,-0.0158,-0.0211,1000
0.4923,0.7567,0.1562,0.098,0.1205,-0.0122,-0.0126,2000
0.4757,0.85,0,0,0,-0.0657,-0.0735,5000
0.5039,0.1767,0.96,0.0889,0.1627,0.012,0.0603,2
0.6309,0.19,0.96,0.0902,0.1649,0.0149,0.0698,5
0.6975,0.2,0.96,0.0913,0.1667,0.0171,0.0764,10
0.6457,0.3833,0.8,0.1,0.1778,0.0348,0.0853,20
0.7087,0.32,0.88,0.0987,0.1774,0.0324,0.0943,50
0.7172,0.4633,0.8,0.1136,0.199,0.0621,0.1306,100
0.7741,0.5467,0.92,0.1465,0.2527,0.1273,0.2395,200
0.7711,0.5733,0.88,0.1497,0.2558,0.1322,0.2352,300
0.6033,0.5167,0.68,0.1104,0.1899,0.0543,0.1005,400
0.5529,0.5467,0.56,0.1007,0.1707,0.0343,0.0584,500
0.5091,0.6333,0.36,0.0874,0.1406,0.0075,0.0106,1000
0.5036,0.8567,0.08,0.0909,0.0851,0.0077,0.0077,2000
0.4945,0.9067,0,0,0,-0.0182,-0.0303,5000
0.6299,0.17,1,0.0978,0.1782,0.0171,0.0927,2
0.62,0.1867,0.963,0.0967,0.1757,0.0145,0.0685,5
0.6486,0.1833,0.963,0.0963,0.1751,0.0137,0.066,10
0.704,0.22,0.963,0.1004,0.1818,0.0225,0.0912,20
0.7464,0.2433,1,0.1063,0.1922,0.0352,0.1338,50
0.7418,0.52,0.8519,0.1411,0.2421,0.1037,0.1948,100
0.5324,0.3033,0.8148,0.0973,0.1739,0.0156,0.0449,200
0.6313,0.3367,0.7778,0.0981,0.1743,0.0172,0.0448,300
0.5895,0.3867,0.7778,0.1055,0.1858,0.0325,0.0762,400
0.5861,0.4467,0.7778,0.116,0.2019,0.0537,0.1121,500
0.4949,0.5667,0.4074,0.088,0.1447,-0.0039,-0.0059,1000
0.4957,0.72,0.2222,0.087,0.125,-0.005,-0.0058,2000
0.4853,0.8833,0,0,0,-0.0429,-0.0521,5000
0.5674,0.2,0.9655,0.1049,0.1892,0.0179,0.079,2
0.6545,0.2067,0.9655,0.1057,0.1905,0.0196,0.0837,5
0.711,0.2067,0.9655,0.1057,0.1905,0.0196,0.0837,10
0.7246,0.2467,0.931,0.1076,0.1929,0.0236,0.0835,20
0.7575,0.3467,0.8621,0.1152,0.2033,0.0394,0.1015,50
0.6634,0.3133,0.8276,0.1067,0.189,0.0214,0.0586,100
0.6999,0.3733,0.8276,0.1159,0.2034,0.0407,0.0973,200
0.5758,0.3967,0.7586,0.1122,0.1956,0.0326,0.0724,300
0.5817,0.4267,0.7586,0.1176,0.2037,0.0436,0.0913,400
0.5271,0.4267,0.6552,0.105,0.181,0.0172,0.0347,500
0.5181,0.5467,0.4828,0.1037,0.1707,0.0138,0.0215,1000
0.5223,0.6933,0.3103,0.1111,0.1636,0.0248,0.0297,2000
0.5068,0.86,0.069,0.1176,0.087,0.0167,0.0174,5000
0.5894,0.87,0.1,0.2,0.1333,0.0714,0.0765,2
0.7593,0.7633,0.6333,0.2405,0.3486,0.2382,0.28,5
0.8241,0.8167,0.7333,0.3188,0.4444,0.3545,0.3987,10
0.7215,0.7967,0.6667,0.2817,0.396,0.2972,0.3372,20
0.774,0.7567,0.7,0.2471,0.3652,0.2551,0.3082,50
0.7993,0.76,0.8,0.2667,0.4,0.2941,0.3637,100
0.7822,0.7633,0.7333,0.2588,0.3826,0.2755,0.3329,200
0.7159,0.51,0.7667,0.1411,0.2383,0.0835,0.1495,300
0.6974,0.5033,0.7333,0.135,0.228,0.0711,0.1271,400
0.5893,0.3967,0.8,0.1206,0.2096,0.0433,0.0964,500
0.5639,0.46,0.7,0.1207,0.2059,0.0426,0.081,1000
0.5481,0.6667,0.4,0.1277,0.1935,0.0494,0.0623,2000
0.4926,0.8333,0.0667,0.0833,0.0741,-0.0163,-0.0164,5000
0.5646,0.1867,1,0.0896,0.1644,0.0206,0.1019,2
0.6098,0.1867,1,0.0896,0.1644,0.0206,0.1019,5
0.7097,0.1867,1,0.0896,0.1644,0.0206,0.1019,10
0.7209,0.19,1,0.0899,0.1649,0.0213,0.1037,20
0.6807,0.5467,0.625,0.1056,0.1807,0.0508,0.0896,50
0.6873,0.65,0.625,0.1351,0.2222,0.1044,0.1557,100
0.7183,0.6633,0.6667,0.1468,0.2406,0.126,0.186,200
0.7013,0.6467,0.6667,0.1404,0.2319,0.1149,0.1742,300
0.7053,0.4467,0.9167,0.1183,0.2095,0.079,0.1802,400
0.68,0.47,0.875,0.1186,0.209,0.0792,0.1709,500
0.6214,0.6533,0.5833,0.1296,0.2121,0.0934,0.1372,1000
0.5127,0.8033,0.1667,0.093,0.1194,0.0186,0.0196,2000
0.4909,0.9033,0,0,0,-0.0284,-0.0384,5000
0.5617,0.9033,0,0,0,0,0,2
0.6764,0.77,0.4828,0.2059,0.2887,0.1771,0.2001,5
0.7017,0.8267,0.4483,0.2653,0.3333,0.2412,0.2521,10
0.7348,0.78,0.5862,0.2394,0.34,0.235,0.269,20
0.7688,0.6533,0.8276,0.1951,0.3158,0.1889,0.2777,50
0.7623,0.6967,0.7586,0.2075,0.3259,0.2053,0.2774,100
0.7434,0.5433,0.8276,0.1538,0.2595,0.1152,0.2014,200
0.5678,0.3033,0.7931,0.1018,0.1804,0.0109,0.0302,300
0.5979,0.3233,0.7931,0.1045,0.1847,0.0168,0.0442,400
0.5929,0.3433,0.7931,0.1075,0.1893,0.0229,0.0577,500
0.4898,0.4133,0.5862,0.0939,0.1619,-0.0057,-0.0115,1000
0.5408,0.7267,0.3103,0.1268,0.18,0.0495,0.0567,2000
0.4951,0.8667,0.0345,0.0769,0.0476,-0.013,-0.0142,5000
0.5583,0.9067,0,0,0,0,0,2
0.6459,0.6833,0.3929,0.1236,0.188,0.0537,0.0676,5
0.6241,0.7033,0.3929,0.1325,0.1982,0.0681,0.0833,10
0.6656,0.7167,0.4643,0.1566,0.2342,0.11,0.1346,20
0.6241,0.2867,0.8214,0.0991,0.1769,0.0124,0.0369,50
0.6301,0.55,0.6429,0.1259,0.2105,0.0645,0.1068,100
0.6587,0.55,0.75,0.1409,0.2373,0.0951,0.1626,200
0.6653,0.48,0.75,0.1235,0.2121,0.0617,0.1187,300
0.6383,0.4267,0.7857,0.117,0.2037,0.0492,0.1055,400
0.5349,0.38,0.7143,0.101,0.177,0.0161,0.0368,500
0.3792,0.5133,0.2143,0.0462,0.0759,-0.0917,-0.1418,1000
0.469,0.7633,0.1071,0.0612,0.0779,-0.0464,-0.0488,2000
0.4926,0.8933,0,0,0,-0.0239,-0.0373,5000
0.5389,0.85,0.125,0.1905,0.1509,0.0725,0.0745,2
0.5733,0.7767,0.1875,0.1277,0.1519,0.0286,0.0293,5
0.7781,0.77,0.6875,0.2716,0.3894,0.2791,0.325,10
0.765,0.26,0.9375,0.12,0.2128,0.0292,0.0966,20
0.7893,0.5033,0.9375,0.1695,0.2871,0.1299,0.2441,50
0.8014,0.71,0.8125,0.243,0.3741,0.2511,0.3288,100
0.7613,0.7233,0.75,0.2424,0.3664,0.2446,0.3086,200
0.7772,0.7267,0.7812,0.25,0.3788,0.259,0.3283,300
0.779,0.7233,0.8125,0.2524,0.3852,0.2657,0.3414,400
0.7729,0.56,0.9062,0.1835,0.3053,0.1554,0.2627,500
0.6549,0.58,0.75,0.169,0.2759,0.1232,0.1915,1000
0.6199,0.7633,0.4375,0.209,0.2828,0.1618,0.1777,2000
0.5564,0.8467,0.1875,0.2308,0.2069,0.123,0.1238,5000
0.5692,0.88,0,0,0,0,0,2
0.6596,0.7667,0.3889,0.2258,0.2857,0.1578,0.1662,5
0.6402,0.7333,0.2778,0.1562,0.2,0.0548,0.0581,10
0.6327,0.6633,0.4444,0.1649,0.2406,0.0795,0.0956,20
0.713,0.6667,0.6389,0.2091,0.3151,0.1639,0.2086,50
0.6751,0.3867,0.9167,0.1542,0.264,0.0737,0.166,100
0.5957,0.36,0.8056,0.1355,0.232,0.0334,0.0753,200
0.4976,0.3667,0.6944,0.1225,0.2083,0.0054,0.0114,300
0.5155,0.42,0.6944,0.133,0.2232,0.0273,0.0517,400
0.5033,0.41,0.6667,0.127,0.2133,0.0147,0.028,500
0.5058,0.5333,0.4722,0.1232,0.1954,0.0062,0.0091,1000
0.5152,0.7167,0.25,0.1343,0.1748,0.0221,0.0236,2000
0.5019,0.82,0.0833,0.125,0.1,0.0044,0.0045,5000
0.5111,0.9,0,0,0,0,0,2
0.7021,0.73,0.4,0.16,0.2286,0.1,0.1155,5
0.7059,0.75,0.5667,0.2152,0.3119,0.1953,0.2296,10
0.7425,0.6767,0.8,0.2087,0.331,0.2049,0.2857,20
0.7063,0.57,0.8,0.1633,0.2712,0.126,0.2067,50
0.7591,0.61,0.8333,0.1825,0.2994,0.1619,0.2521,100
0.7675,0.5467,0.9333,0.1728,0.2917,0.1479,0.2631,200
0.7704,0.6667,0.8667,0.2131,0.3421,0.2163,0.3122,300
0.722,0.4233,0.9333,0.1407,0.2445,0.0856,0.1904,400
0.7069,0.47,0.9,0.1475,0.2535,0.0986,0.1982,500
0.5827,0.5433,0.6333,0.131,0.2171,0.0616,0.1001,1000
0.4907,0.7767,0.1333,0.0889,0.1067,-0.0152,-0.0156,2000
0.487,0.8767,0,0,0,-0.0393,-0.0515,5000
0.4609,0.1633,0.9615,0.0909,0.1661,0.0092,0.05,2
0.6659,0.1633,0.9615,0.0909,0.1661,0.0092,0.05,5
0.68,0.1633,0.9615,0.0909,0.1661,0.0092,0.05,10
0.7139,0.1767,0.9231,0.0892,0.1627,0.0055,0.0267,20
0.7594,0.2133,0.9615,0.0962,0.1748,0.0205,0.086,50
0.7697,0.4233,0.9231,0.1231,0.2172,0.0759,0.1764,100
0.7021,0.3167,0.8846,0.1022,0.1833,0.033,0.0958,200
0.6052,0.37,0.8462,0.1063,0.1888,0.0412,0.104,300
0.6138,0.41,0.8462,0.1128,0.1991,0.0545,0.1267,400
0.6013,0.39,0.8462,0.1095,0.1938,0.0477,0.1154,500
0.6067,0.5633,0.6538,0.1223,0.2061,0.0703,0.1177,1000
0.5278,0.7733,0.2308,0.1111,0.15,0.0374,0.0407,2000
0.4836,0.8833,0,0,0,-0.0467,-0.0542,5000
0.559,0.86,0.0345,0.0667,0.0455,-0.0219,-0.0233,2
0.5999,0.8033,0.069,0.0588,0.0635,-0.0456,-0.0458,5
0.7413,0.78,0.5172,0.2239,0.3125,0.2053,0.2309,10
0.7506,0.74,0.7241,0.2308,0.35,0.2383,0.2994,20
0.7909,0.5333,0.8966,0.1595,0.2708,0.1277,0.232,50
0.7901,0.6567,0.7931,0.1917,0.3087,0.1812,0.2625,100
0.7798,0.6567,0.8621,0.2016,0.3268,0.2017,0.2981,200
0.736,0.4433,0.931,0.1406,0.2443,0.0918,0.1983,300
0.6927,0.44,0.931,0.1399,0.2432,0.0904,0.1965,400
0.6828,0.4433,0.931,0.1406,0.2443,0.0918,0.1983,500
0.6696,0.57,0.7931,0.1575,0.2629,0.1211,0.2006,1000
0.4909,0.72,0.2069,0.0896,0.125,-0.0115,-0.0129,2000
0.4939,0.8367,0.069,0.0833,0.0755,-0.0132,-0.0133,5000
0.463,0.9067,0,0,0,0,0,2
0.6398,0.84,0.3929,0.2619,0.3143,0.2278,0.2338,5
0.6229,0.7933,0.2143,0.1304,0.1622,0.0522,0.0543,10
0.658,0.74,0.4643,0.1711,0.25,0.1315,0.1556,20
0.6451,0.73,0.3929,0.1467,0.2136,0.0899,0.1059,50
0.6596,0.7033,0.6429,0.1856,0.288,0.1674,0.2192,100
0.6489,0.6933,0.5714,0.1667,0.2581,0.1327,0.1729,200
0.638,0.71,0.6071,0.1828,0.281,0.1606,0.2061,300
0.618,0.7067,0.5714,0.1739,0.2667,0.1442,0.1842,400
0.6491,0.7133,0.5714,0.1778,0.2712,0.1502,0.19,500
0.5597,0.52,0.6071,0.1133,0.191,0.04,0.0688,1000
0.5133,0.73,0.25,0.1045,0.1474,0.0181,0.0205,2000
0.5223,0.86,0.1071,0.15,0.125,0.0512,0.0521,5000
0.4767,0.3733,0.6129,0.0974,0.1681,-0.0124,-0.0264,2
0.6619,0.6933,0.5484,0.1789,0.2698,0.1351,0.1691,5
0.6619,0.7133,0.6452,0.2105,0.3175,0.1915,0.2397,10
0.685,0.6667,0.6774,0.1892,0.2958,0.1601,0.2162,20
0.7804,0.5167,0.871,0.1607,0.2714,0.1174,0.2127,50
0.6392,0.4633,0.7097,0.1264,0.2146,0.0476,0.0892,100
0.6747,0.4467,0.7742,0.1311,0.2243,0.0578,0.1143,200
0.6069,0.39,0.7097,0.1122,0.1938,0.0187,0.0402,300
0.5829,0.4433,0.6774,0.118,0.201,0.0303,0.0581,400
0.5556,0.4867,0.6129,0.118,0.1979,0.0298,0.0519,500
0.5032,0.4533,0.5806,0.1065,0.18,0.0065,0.0118,1000
0.515,0.6933,0.2903,0.1139,0.1636,0.0179,0.0208,2000
0.4969,0.84,0.0645,0.0952,0.0769,-0.0071,-0.0073,5000
0.5539,0.91,0,0,0,0,0,2
0.7,0.72,0.5926,0.1798,0.2759,0.1598,0.2037,5
0.7072,0.76,0.5926,0.2078,0.3077,0.2012,0.2419,10
0.8152,0.7467,0.7407,0.2247,0.3448,0.2398,0.3057,20
0.7334,0.3433,0.9259,0.1136,0.2024,0.0501,0.137,50
0.7289,0.44,0.8519,0.123,0.215,0.0684,0.1483,100
0.692,0.4233,0.8148,0.1158,0.2028,0.0536,0.1184,200
0.6252,0.3333,0.8889,0.1086,0.1935,0.0395,0.1087,300
0.5612,0.3867,0.7407,0.1015,0.1786,0.0241,0.0557,400
0.4874,0.4367,0.5556,0.0872,0.1508,-0.0057,-0.0113,500
0.441,0.59,0.2593,0.0636,0.1022,-0.0495,-0.0701,1000
0.4654,0.8167,0.037,0.0333,0.0351,-0.0659,-0.066,2000
0.4945,0.9,0,0,0,-0.0183,-0.0316,5000
0.5621,0.9,0,0,0,0,0,2
0.6949,0.5533,0.7,0.1438,0.2386,0.0872,0.1423,5
0.7773,0.63,0.8,0.186,0.3019,0.1667,0.2491,10
0.7637,0.6833,0.8,0.2124,0.3357,0.211,0.2912,20
0.7293,0.45,0.8333,0.1351,0.2326,0.073,0.1485,50
0.7467,0.6733,0.7667,0.2018,0.3194,0.1914,0.2655,100
0.7248,0.5733,0.8333,0.1689,0.2809,0.1375,0.2267,200
0.7236,0.42,0.9333,0.14,0.2435,0.0842,0.1886,300
0.6785,0.4067,0.9667,0.1408,0.2458,0.0862,0.2012,400
0.6554,0.4233,0.9333,0.1407,0.2445,0.0856,0.1904,500
0.657,0.5367,0.8,0.1529,0.2567,0.1067,0.1846,1000
0.6194,0.7167,0.5,0.1765,0.2609,0.1327,0.1603,2000
0.5037,0.8533,0.0667,0.1111,0.0833,0.009,0.0094,5000
0.5442,0.3333,0.8621,0.1131,0.2,0.0351,0.0931,2
0.7157,0.6467,0.6552,0.1652,0.2639,0.1295,0.1829,5
0.7675,0.6833,0.7241,0.1944,0.3066,0.1819,0.2482,10
0.7573,0.69,0.6897,0.1923,0.3008,0.1762,0.2358,20
0.6668,0.65,0.5517,0.1481,0.2336,0.0958,0.1307,50
0.6811,0.55,0.6897,0.137,0.2286,0.0802,0.1329,100
0.7005,0.44,0.8966,0.1361,0.2364,0.0823,0.1768,200
0.6661,0.3967,0.8621,0.1238,0.2165,0.057,0.1316,300
0.6077,0.3633,0.8276,0.1143,0.2008,0.0373,0.0911,400
0.6146,0.3733,0.8276,0.1159,0.2034,0.0407,0.0973,500
0.5502,0.4633,0.6552,0.1118,0.191,0.0309,0.0584,1000
0.5125,0.7033,0.2759,0.1053,0.1524,0.0145,0.0169,2000
0.4686,0.8467,0,0,0,-0.0769,-0.0802,5000
0.4945,0.8633,0.0769,0.1053,0.0889,0.0169,0.0172,2
0.5839,0.7833,0.1538,0.0851,0.1096,-0.0023,-0.0024,5
0.6176,0.1633,0.9615,0.0909,0.1661,0.0092,0.05,10
0.6035,0.1733,0.8462,0.0827,0.1507,-0.0086,-0.0394,20
0.6234,0.5567,0.6538,0.1206,0.2036,0.0671,0.1135,50
0.6438,0.6667,0.4615,0.1224,0.1935,0.0655,0.0886,100
0.6928,0.6833,0.6538,0.165,0.2636,0.1453,0.2014,200
0.6874,0.5633,0.7308,0.1329,0.2249,0.0916,0.1567,300
0.6746,0.41,0.8462,0.1128,0.1991,0.0545,0.1267,400
0.5791,0.37,0.7308,0.0945,0.1674,0.0164,0.0398,500
0.479,0.4633,0.5,0.0807,0.139,-0.012,-0.0227,1000
0.4994,0.7533,0.1923,0.0862,0.119,-7e-04,-8e-04,2000
0.4891,0.8933,0,0,0,-0.0336,-0.044,5000
0.4593,0.8967,0,0,0,0,0,2
0.6673,0.8433,0.0968,0.1364,0.1132,0.03,0.0305,5
0.6454,0.77,0.2581,0.1481,0.1882,0.0655,0.069,10
0.7335,0.7,0.5484,0.1828,0.2742,0.1411,0.175,20
0.7108,0.6867,0.7097,0.2056,0.3188,0.1889,0.2502,50
0.752,0.6667,0.7097,0.1947,0.3056,0.1711,0.2333,100
0.7146,0.6533,0.7097,0.188,0.2973,0.1601,0.2225,200
0.666,0.4,0.7742,0.1218,0.2105,0.0389,0.084,300
0.6304,0.3633,0.8387,0.1226,0.214,0.0411,0.0985,400
0.6365,0.47,0.8387,0.1444,0.2464,0.0852,0.1654,500
0.5527,0.5333,0.5806,0.1241,0.2045,0.0413,0.0661,1000
0.5101,0.71,0.2581,0.1111,0.1553,0.0127,0.0144,2000
0.479,0.8333,0.0323,0.0476,0.0385,-0.0491,-0.0502,5000
0.571,0.1733,0.963,0.0952,0.1733,0.0114,0.0582,2
0.5972,0.18,0.9259,0.0929,0.1689,0.0064,0.0302,5
0.7586,0.1933,0.963,0.0974,0.1769,0.016,0.0733,10
0.6983,0.2533,0.8519,0.0947,0.1704,0.01,0.0336,20
0.7302,0.3667,0.8889,0.1137,0.2017,0.0501,0.1277,50
0.7669,0.56,0.8519,0.1523,0.2584,0.1248,0.2192,100
0.5095,0.3133,0.6296,0.0798,0.1417,-0.0215,-0.0557,200
0.5251,0.37,0.6296,0.0867,0.1525,-0.0068,-0.0157,300
0.5039,0.3733,0.5926,0.0829,0.1455,-0.0148,-0.0333,400
0.4639,0.3933,0.5185,0.0765,0.1333,-0.0279,-0.059,500
0.4507,0.5033,0.3704,0.0704,0.1183,-0.0388,-0.0649,1000
0.5337,0.7033,0.2963,0.1026,0.1524,0.0215,0.026,2000
0.5372,0.8867,0.1111,0.2308,0.15,0.0972,0.1047,5000
0.5678,0.4133,0.7419,0.1204,0.2072,0.0358,0.0743,2
0.5857,0.5,0.6129,0.121,0.2021,0.0357,0.0609,5
0.7165,0.7233,0.6774,0.2234,0.336,0.2138,0.2665,10
0.7205,0.6967,0.6774,0.2059,0.3158,0.1869,0.2418,20
0.8163,0.6533,0.7742,0.1983,0.3158,0.1811,0.2566,50
0.8036,0.5267,0.9355,0.1716,0.29,0.1398,0.2547,100
0.703,0.46,0.871,0.1459,0.25,0.0887,0.1776,200
0.65,0.4033,0.8065,0.1263,0.2183,0.0483,0.105,300
0.6498,0.48,0.7742,0.1387,0.2353,0.0728,0.1357,400
0.5591,0.4133,0.6774,0.1123,0.1927,0.0187,0.0379,500
0.4705,0.4633,0.4839,0.0938,0.1571,-0.0194,-0.0337,1000
0.4865,0.6933,0.2258,0.0933,0.1321,-0.0166,-0.019,2000
0.4845,0.8433,0.0323,0.0556,0.0408,-0.038,-0.0397,5000
0.5734,0.9033,0,0,0,0,0,2
0.7182,0.76,0.4828,0.1972,0.28,0.1654,0.1894,5
0.7219,0.76,0.5172,0.2055,0.2941,0.1808,0.2088,10
0.7525,0.76,0.6552,0.2346,0.3455,0.2368,0.2838,20
0.7763,0.7367,0.7241,0.2283,0.3471,0.2346,0.2962,50
0.7899,0.7033,0.7586,0.2115,0.3308,0.2116,0.2832,100
0.802,0.67,0.7931,0.1983,0.3172,0.1923,0.273,200
0.7536,0.46,0.8966,0.1405,0.243,0.0911,0.1883,300
0.753,0.49,0.8966,0.1477,0.2537,0.1051,0.2059,400
0.6733,0.4067,0.8966,0.1294,0.2261,0.0687,0.1576,500
0.5175,0.4133,0.6552,0.1027,0.1776,0.0125,0.0259,1000
0.539,0.64,0.4138,0.1165,0.1818,0.0365,0.0485,2000
0.4668,0.8433,0,0,0,-0.08,-0.0826,5000
0.5457,0.15,1,0.0989,0.1801,0.0123,0.0786,2
0.718,0.1633,1,0.1004,0.1824,0.0154,0.088,5
0.7411,0.1633,1,0.1004,0.1824,0.0154,0.088,10
0.6947,0.2067,0.8929,0.0962,0.1736,0.0061,0.0247,20
0.7356,0.2667,0.8214,0.0966,0.1729,0.0071,0.0223,50
0.7564,0.5733,0.8214,0.1575,0.2644,0.1277,0.2149,100
0.6723,0.3433,0.8929,0.1142,0.2024,0.0442,0.1177,200
0.6412,0.3667,0.8571,0.1143,0.2017,0.0443,0.11,300
0.5972,0.41,0.7857,0.114,0.1991,0.0431,0.0954,400
0.5651,0.42,0.75,0.1117,0.1944,0.0382,0.0818,500
0.5299,0.5833,0.4643,0.1057,0.1722,0.0237,0.0354,1000
0.5294,0.7567,0.25,0.1186,0.1609,0.0393,0.0431,2000
0.5013,0.88,0.0357,0.1,0.0526,0.0037,0.0043,5000
0.5714,0.3067,0.9444,0.1417,0.2464,0.0476,0.1333,2
0.7627,0.6933,0.8056,0.2544,0.3867,0.2498,0.3238,5
0.7395,0.7267,0.75,0.27,0.3971,0.2679,0.3264,10
0.7271,0.2033,0.9167,0.1227,0.2164,0.006,0.0243,20
0.7417,0.2767,0.9167,0.1336,0.2332,0.03,0.0904,50
0.6805,0.4033,0.8333,0.1478,0.251,0.0593,0.1237,100
0.6566,0.4633,0.75,0.1508,0.2512,0.0642,0.1154,200
0.6308,0.4133,0.8333,0.15,0.2542,0.0638,0.1306,300
0.6171,0.41,0.8333,0.1493,0.2532,0.0623,0.1283,400
0.6218,0.4367,0.8333,0.1554,0.262,0.0749,0.1465,500
0.5846,0.52,0.6667,0.1538,0.25,0.0683,0.1084,1000
0.5372,0.65,0.3889,0.1443,0.2105,0.043,0.0518,2000
0.476,0.8167,0.0278,0.0476,0.0351,-0.0585,-0.0611,5000
0.4803,0.9,0,0,0,0,0,2
0.681,0.7633,0.4,0.1846,0.2526,0.1341,0.1483,5
0.6774,0.8033,0.4,0.2264,0.2892,0.1851,0.1952,10
0.7558,0.76,0.6333,0.2375,0.3455,0.234,0.2764,20
0.7769,0.7067,0.7667,0.2212,0.3433,0.2226,0.2942,50
0.7531,0.4667,0.9,0.1467,0.2523,0.0971,0.1962,100
0.6302,0.3533,0.8,0.1132,0.1983,0.0281,0.0683,200
0.5788,0.4033,0.7,0.1099,0.19,0.0208,0.0439,300
0.5736,0.4367,0.6667,0.1117,0.1914,0.0242,0.0476,400
0.4973,0.41,0.6,0.0984,0.169,-0.0034,-0.0068,500
0.4804,0.5467,0.4,0.0923,0.15,-0.0149,-0.0224,1000
0.5222,0.7533,0.2333,0.1207,0.1591,0.0314,0.0338,2000
0.4833,0.87,0,0,0,-0.0484,-0.0586,5000
0.5305,0.1467,1,0.0986,0.1795,0.0115,0.0762,2
0.6469,0.1467,1,0.0986,0.1795,0.0115,0.0762,5
0.6648,0.15,1,0.0989,0.1801,0.0123,0.0786,10
0.7337,0.2333,1,0.1085,0.1958,0.033,0.1295,20
0.6998,0.2267,0.8571,0.0952,0.1714,0.0041,0.015,50
0.7064,0.4767,0.8214,0.1314,0.2266,0.0783,0.155,100
0.7102,0.6233,0.75,0.1654,0.271,0.1393,0.2121,200
0.6368,0.4967,0.7857,0.1317,0.2256,0.0783,0.1479,300
0.5871,0.4467,0.6786,0.108,0.1863,0.0301,0.0599,400
0.5863,0.4133,0.7143,0.1064,0.1852,0.0271,0.0581,500
0.4403,0.39,0.5,0.0765,0.1327,-0.0348,-0.0724,1000
0.5039,0.6233,0.3571,0.0952,0.1504,0.0035,0.0048,2000
0.4989,0.8467,0.0714,0.0909,0.08,-0.0023,-0.0023,5000
0.5702,0.8967,0,0,0,0,0,2
0.6494,0.7267,0.4516,0.1772,0.2545,0.1246,0.1451,5
0.6302,0.7267,0.4194,0.1688,0.2407,0.1095,0.1264,10
0.6965,0.6867,0.5484,0.1753,0.2656,0.1293,0.1633,20
0.7109,0.68,0.6452,0.1905,0.2941,0.1601,0.2101,50
0.6949,0.6833,0.5806,0.18,0.2748,0.139,0.1781,100
0.6721,0.6667,0.6129,0.1776,0.2754,0.1371,0.1816,200
0.6853,0.64,0.6452,0.1709,0.2703,0.1278,0.1776,300
0.6335,0.42,0.8065,0.1295,0.2232,0.0549,0.1156,400
0.6287,0.4333,0.8065,0.1323,0.2273,0.0605,0.1241,500
0.5392,0.48,0.6129,0.1166,0.1959,0.0269,0.0474,1000
0.4816,0.6333,0.2903,0.0928,0.1406,-0.019,-0.024,2000
0.4988,0.8433,0.0645,0.1,0.0784,-0.0028,-0.0029,5000
0.5698,0.3333,0.8667,0.1171,0.2063,0.0366,0.0963,2
0.8206,0.7,0.9,0.2368,0.375,0.2574,0.3571,5
0.8368,0.7433,0.9,0.2673,0.4122,0.3051,0.3974,10
0.8448,0.7433,0.9,0.2673,0.4122,0.3051,0.3974,20
0.8373,0.5867,0.9333,0.1867,0.3111,0.1733,0.2889,50
0.8307,0.3833,0.9667,0.1362,0.2387,0.0768,0.1885,100
0.7822,0.64,0.8333,0.1953,0.3165,0.1843,0.2741,200
0.8101,0.7333,0.8667,0.2549,0.3939,0.2832,0.3706,300
0.8221,0.7333,0.8667,0.2549,0.3939,0.2832,0.3706,400
0.8152,0.6467,0.9,0.2077,0.3375,0.209,0.3139,500
0.5402,0.4133,0.7,0.1117,0.1927,0.0244,0.0505,1000
0.4556,0.66,0.2,0.0714,0.1053,-0.0494,-0.0594,2000
0.5241,0.8633,0.1,0.1765,0.1277,0.0596,0.0625,5000
0.6231,0.8933,0,0,0,0,0,2
0.7434,0.7633,0.5,0.2254,0.3107,0.1918,0.2141,5
0.7041,0.2367,0.9375,0.1167,0.2076,0.0221,0.0797,10
0.7337,0.24,0.9062,0.1142,0.2028,0.0165,0.0571,20
0.7397,0.57,0.8438,0.1788,0.2951,0.1445,0.2353,50
0.7065,0.7033,0.6875,0.2178,0.3308,0.2015,0.2565,100
0.7248,0.5,0.8125,0.1529,0.2574,0.0949,0.1714,200
0.6614,0.4167,0.9062,0.1443,0.2489,0.0795,0.1736,300
0.6121,0.4167,0.8438,0.1371,0.2358,0.064,0.1361,400
0.6273,0.4433,0.8438,0.1429,0.2443,0.0757,0.153,500
0.5686,0.5733,0.5625,0.1364,0.2195,0.0577,0.0853,1000
0.5093,0.7133,0.25,0.1143,0.1569,0.0123,0.0136,2000
0.4757,0.85,0,0,0,-0.0657,-0.0735,5000
0.4788,0.8633,0.0345,0.0714,0.0465,-0.0175,-0.0189,2
0.6631,0.8,0.1379,0.1026,0.1176,0.0076,0.0077,5
0.6832,0.7667,0.3448,0.1639,0.2222,0.1049,0.115,10
0.6903,0.6933,0.6552,0.1881,0.2923,0.1672,0.2205,20
0.7099,0.3333,0.7931,0.106,0.187,0.0198,0.051,50
0.7659,0.5867,0.7931,0.1631,0.2706,0.1313,0.2118,100
0.7183,0.4367,0.8621,0.1316,0.2283,0.0728,0.1553,200
0.6647,0.3833,0.8621,0.1214,0.2128,0.0521,0.1237,300
0.5769,0.3767,0.7931,0.1127,0.1974,0.0339,0.0793,400
0.5744,0.3767,0.7931,0.1127,0.1974,0.0339,0.0793,500
0.4583,0.4667,0.4483,0.0828,0.1398,-0.028,-0.0492,1000
0.4453,0.6933,0.1379,0.0563,0.08,-0.0664,-0.076,2000
0.4779,0.8633,0,0,0,-0.06,-0.0668,5000
0.567,0.9033,0,0,0,0,0,2
0.7276,0.8433,0.4138,0.2857,0.338,0.2525,0.2581,5
0.7509,0.8267,0.5517,0.2909,0.381,0.2912,0.3114,10
0.7493,0.7533,0.5862,0.2152,0.3148,0.202,0.2398,20
0.7419,0.3867,0.8621,0.122,0.2137,0.0533,0.1257,50
0.7733,0.67,0.7931,0.1983,0.3172,0.1923,0.273,100
0.7498,0.5233,0.8966,0.1566,0.2667,0.1222,0.2258,200
0.7167,0.5767,0.7931,0.1597,0.2659,0.1251,0.205,300
0.7261,0.61,0.7931,0.1716,0.2822,0.1466,0.228,400
0.7312,0.6267,0.7931,0.1783,0.2911,0.1583,0.2399,500
0.5828,0.5267,0.6552,0.1258,0.2111,0.0584,0.0993,1000
0.51,0.7267,0.2414,0.1045,0.1458,0.0126,0.0142,2000
0.5234,0.89,0.069,0.25,0.1081,0.0692,0.0859,5000
0.6063,0.8967,0,0,0,0,0,2
0.7277,0.85,0.1613,0.2083,0.1818,0.1007,0.1017,5
0.749,0.79,0.3548,0.2037,0.2588,0.1468,0.1545,10
0.7681,0.75,0.5806,0.225,0.3243,0.2061,0.241,20
0.7564,0.7,0.7097,0.2136,0.3284,0.2015,0.2619,50
0.7932,0.67,0.7419,0.2018,0.3172,0.1848,0.2531,100
0.7976,0.7133,0.8065,0.2381,0.3676,0.2476,0.3249,200
0.782,0.47,0.9677,0.1596,0.274,0.1174,0.2394,300
0.7883,0.5167,0.9677,0.1724,0.2927,0.1422,0.2667,400
0.7771,0.4933,0.9355,0.162,0.2762,0.1214,0.2345,500
0.6752,0.52,0.871,0.1617,0.2727,0.1192,0.2148,1000
0.5758,0.7,0.4194,0.1529,0.2241,0.0857,0.1025,2000
0.5633,0.8567,0.1935,0.25,0.2182,0.1407,0.1421,5000
0.5852,0.4267,0.7667,0.1223,0.211,0.0466,0.0965,2
0.7167,0.65,0.7,0.1795,0.2857,0.1505,0.2119,5
0.7496,0.8233,0.5,0.283,0.3614,0.268,0.2826,10
0.7221,0.7067,0.6,0.1915,0.2903,0.1635,0.206,20
0.7416,0.69,0.7333,0.2056,0.3212,0.1955,0.2621,50
0.7163,0.3933,0.9,0.1311,0.2288,0.0657,0.1533,100
0.729,0.65,0.7667,0.1901,0.3046,0.1719,0.2469,200
0.6816,0.6,0.7,0.1591,0.2593,0.115,0.1746,300
0.6514,0.63,0.6333,0.1597,0.255,0.1134,0.1613,400
0.6412,0.4933,0.7667,0.1369,0.2323,0.0754,0.1388,500
0.5961,0.5167,0.7,0.1338,0.2246,0.0681,0.1179,1000
0.5876,0.7167,0.4333,0.1605,0.2342,0.1034,0.1226,2000
0.5296,0.8733,0.1,0.2143,0.1364,0.0777,0.0843,5000
0.5834,0.91,0,0,0,0,0,2
0.5832,0.78,0.1852,0.102,0.1316,0.0176,0.0186,5
0.6256,0.7033,0.5926,0.1702,0.2645,0.1449,0.1893,10
0.6074,0.6667,0.5556,0.1456,0.2308,0.1028,0.1406,20
0.6882,0.6733,0.7037,0.1743,0.2794,0.1579,0.2226,50
0.6385,0.6433,0.6667,0.1552,0.2517,0.1238,0.1808,100
0.6035,0.6,0.6296,0.1339,0.2208,0.0849,0.1313,200
0.482,0.32,0.5926,0.0766,0.1356,-0.0283,-0.0712,300
0.4679,0.3333,0.6667,0.0861,0.1525,-0.0082,-0.0205,400
0.4422,0.3333,0.5556,0.0739,0.1304,-0.0338,-0.0814,500
0.421,0.5233,0.2963,0.0606,0.1006,-0.0574,-0.091,1000
0.4919,0.7433,0.1852,0.0833,0.1149,-0.0105,-0.0116,2000
0.4984,0.8767,0.037,0.0833,0.0513,-0.0043,-0.0048,5000
0.4992,0.21,1,0.1157,0.2074,0.0271,0.1173,2
0.601,0.22,1,0.117,0.2095,0.03,0.1234,5
0.6352,0.2233,1,0.1174,0.2102,0.0309,0.1254,10
0.6755,0.3267,0.871,0.12,0.2109,0.0358,0.0948,20
0.6371,0.6033,0.4839,0.1271,0.2013,0.045,0.0629,50
0.637,0.6533,0.5161,0.1524,0.2353,0.0901,0.1182,100
0.6201,0.64,0.4516,0.1333,0.2059,0.0551,0.0723,200
0.625,0.6533,0.5161,0.1524,0.2353,0.0901,0.1182,300
0.6046,0.59,0.5806,0.1406,0.2264,0.072,0.1057,400
0.6037,0.48,0.7097,0.1302,0.22,0.055,0.1002,500
0.5166,0.5667,0.4516,0.1102,0.1772,0.0133,0.0194,1000
0.5162,0.7467,0.2258,0.1186,0.1556,0.0232,0.0249,2000
0.5118,0.8667,0.0645,0.1538,0.0909,0.0318,0.0353,5000
0.6117,0.9067,0,0,0,0,0,2
0.5978,0.66,0.5,0.1373,0.2154,0.0807,0.1084,5
0.6345,0.63,0.6071,0.1453,0.2345,0.0987,0.1428,10
0.6259,0.71,0.5357,0.1685,0.2564,0.1334,0.1679,20
0.6585,0.6033,0.6786,0.1473,0.242,0.1047,0.1611,50
0.6295,0.41,0.7857,0.114,0.1991,0.0431,0.0954,100
0.6064,0.4933,0.6786,0.1173,0.2,0.0486,0.0892,200
0.6155,0.45,0.7857,0.1215,0.2105,0.0583,0.1196,300
0.6295,0.4967,0.7143,0.1227,0.2094,0.0596,0.1101,400
0.6445,0.5167,0.75,0.1321,0.2246,0.0783,0.1414,500
0.5761,0.5567,0.6071,0.1223,0.2036,0.0571,0.0925,1000
0.4968,0.7267,0.2143,0.0909,0.1277,-0.0039,-0.0044,2000
0.4706,0.8533,0,0,0,-0.0728,-0.0762,5000
0.5709,0.2833,0.8824,0.1245,0.2182,0.0244,0.0711,2
0.6978,0.6033,0.6765,0.1756,0.2788,0.1205,0.1729,5
0.7071,0.6867,0.6765,0.217,0.3286,0.1895,0.2417,10
0.7072,0.71,0.6176,0.2211,0.3256,0.1904,0.2313,20
0.7198,0.6733,0.6176,0.1981,0.3,0.155,0.1977,50
0.688,0.6733,0.5588,0.1863,0.2794,0.1318,0.1652,100
0.6748,0.6533,0.6765,0.1983,0.3067,0.1593,0.2128,200
0.6708,0.5833,0.7647,0.1818,0.2938,0.1355,0.2062,300
0.596,0.37,0.7647,0.1256,0.2158,0.0262,0.0577,400
0.5573,0.4467,0.7059,0.1333,0.2243,0.0416,0.0773,500
0.5395,0.5733,0.5,0.1328,0.2099,0.0375,0.053,1000
0.4664,0.7133,0.1471,0.0806,0.1042,-0.0495,-0.0526,2000
0.4737,0.84,0,0,0,-0.0708,-0.0791,5000
0.4846,0.35,0.7,0.1014,0.1772,0.0031,0.0072,2
0.577,0.6233,0.5333,0.1391,0.2207,0.0738,0.1028,5
0.6026,0.65,0.5,0.1429,0.2222,0.0789,0.1048,10
0.6744,0.69,0.5,0.1613,0.2439,0.1092,0.1369,20
0.7465,0.3667,0.9333,0.1296,0.2276,0.0631,0.1584,50
0.7296,0.6267,0.7,0.1694,0.2727,0.1331,0.194,100
0.6938,0.6667,0.6667,0.1818,0.2857,0.1525,0.2075,200
0.6827,0.4633,0.8,0.1341,0.2297,0.0704,0.1382,300
0.6082,0.36,0.8667,0.1215,0.2131,0.0457,0.113,400
0.5454,0.3967,0.7333,0.1128,0.1956,0.0269,0.0582,500
0.5222,0.54,0.5,0.1087,0.1786,0.0171,0.0268,1000
0.4611,0.6967,0.1667,0.0704,0.099,-0.0484,-0.0549,2000
0.4833,0.87,0,0,0,-0.0484,-0.0586,5000
0.5553,0.19,0.9688,0.1136,0.2033,0.0152,0.0709,2
0.6878,0.2,0.9688,0.1148,0.2053,0.018,0.0792,5
0.6419,0.21,0.8438,0.1042,0.1856,-0.0053,-0.0197,10
0.6578,0.22,0.875,0.1085,0.1931,0.0041,0.0149,20
0.7227,0.24,0.9062,0.1142,0.2028,0.0165,0.0571,50
0.7513,0.39,0.9062,0.1388,0.2407,0.0683,0.1575,100
0.6683,0.3533,0.8125,0.1215,0.2114,0.0317,0.0758,200
0.5739,0.4167,0.75,0.1257,0.2152,0.0398,0.0814,300
0.5902,0.4533,0.75,0.1333,0.2264,0.0553,0.1058,400
0.5285,0.4467,0.625,0.1149,0.1942,0.0171,0.0315,500
0.5131,0.5233,0.5,0.1119,0.1829,0.0103,0.0161,1000
0.5648,0.7633,0.3125,0.1695,0.2198,0.0945,0.1007,2000
0.4932,0.8567,0.0312,0.0769,0.0444,-0.0183,-0.0205,5000
0.5374,0.1667,1,0.0975,0.1776,0.0163,0.0906,2
0.671,0.1667,1,0.0975,0.1776,0.0163,0.0906,5
0.5398,0.1833,0.963,0.0963,0.1751,0.0137,0.066,10
0.5855,0.2267,0.8519,0.0916,0.1655,0.0035,0.0129,20
0.6418,0.24,0.8519,0.0931,0.1679,0.0067,0.0235,50
0.6529,0.2533,0.8519,0.0947,0.1704,0.01,0.0336,100
0.5442,0.2867,0.7407,0.0881,0.1575,-0.004,-0.0117,200
0.4549,0.3333,0.6296,0.0821,0.1453,-0.0166,-0.0411,300
0.4434,0.3833,0.5185,0.0753,0.1315,-0.0305,-0.0658,400
0.4385,0.4,0.4815,0.0726,0.1262,-0.0358,-0.0738,500
0.5134,0.57,0.4444,0.0952,0.1569,0.0101,0.0156,1000
0.4937,0.7467,0.1852,0.0847,0.1163,-0.0082,-0.0091,2000
0.5132,0.8733,0.0741,0.1333,0.0952,0.0331,0.0347,5000
0.6025,0.1767,0.9643,0.0989,0.1794,0.0122,0.0609,2
0.7037,0.18,0.9643,0.0993,0.18,0.0129,0.0636,5
0.7615,0.1867,0.9643,0.1,0.1812,0.0145,0.0688,10
0.7436,0.22,0.9286,0.1008,0.1818,0.0161,0.0634,20
0.7937,0.2533,0.9643,0.108,0.1942,0.0317,0.1127,50
0.7778,0.2733,0.9643,0.1107,0.1985,0.0373,0.1243,100
0.706,0.3667,0.9286,0.1215,0.2149,0.0597,0.1527,200
0.6662,0.3733,0.9286,0.1226,0.2167,0.062,0.1564,300
0.6322,0.4,0.8929,0.1238,0.2174,0.0639,0.1502,400
0.6129,0.3967,0.8571,0.1194,0.2096,0.0547,0.1277,500
0.5221,0.54,0.5,0.1014,0.1687,0.016,0.0258,1000
0.485,0.7633,0.1429,0.0784,0.1013,-0.0219,-0.0232,2000
0.4945,0.8967,0,0,0,-0.0184,-0.0322,5000
0.4906,0.1567,0.9615,0.0903,0.165,0.0078,0.0442,2
0.5392,0.1567,0.9615,0.0903,0.165,0.0078,0.0442,5
0.6345,0.1567,0.9615,0.0903,0.165,0.0078,0.0442,10
0.6397,0.2667,0.8462,0.0924,0.1667,0.0123,0.0402,20
0.7028,0.45,0.8077,0.116,0.2029,0.0605,0.1287,50
0.7315,0.4533,0.8846,0.125,0.219,0.0792,0.1716,100
0.76,0.7033,0.6538,0.1753,0.2764,0.1619,0.2177,200
0.6151,0.41,0.7308,0.1005,0.1767,0.0288,0.0643,300
0.5288,0.4233,0.6538,0.0939,0.1643,0.015,0.0318,400
0.5351,0.47,0.6154,0.097,0.1675,0.0209,0.0405,500
0.5143,0.6533,0.3462,0.0938,0.1475,0.0129,0.0173,1000
0.4985,0.7833,0.1538,0.0851,0.1096,-0.0023,-0.0024,2000
0.4909,0.8967,0,0,0,-0.0288,-0.0401,5000
0.448,0.14,0.9333,0.0986,0.1783,-0.0031,-0.0198,2
0.6344,0.14,0.9333,0.0986,0.1783,-0.0031,-0.0198,5
0.7009,0.1467,0.9333,0.0993,0.1795,-0.0016,-0.0094,10
0.7127,0.2033,0.9,0.1027,0.1843,0.0058,0.0237,20
0.6959,0.38,0.8333,0.1214,0.2119,0.0452,0.1054,50
0.6861,0.49,0.8333,0.1445,0.2463,0.0914,0.1732,100
0.6622,0.5267,0.7667,0.1456,0.2447,0.0921,0.1602,200
0.6423,0.39,0.7333,0.1117,0.1938,0.0245,0.0538,300
0.524,0.34,0.7,0.1,0.175,0,0,400
0.5183,0.42,0.6333,0.1044,0.1792,0.0091,0.0182,500
0.4302,0.5367,0.3,0.0709,0.1146,-0.0562,-0.0832,1000
0.4759,0.7233,0.1667,0.0794,0.1075,-0.0323,-0.0355,2000
0.4889,0.8533,0.0333,0.0625,0.0435,-0.028,-0.0297,5000
0.5382,0.8833,0.1111,0.2143,0.1463,0.0904,0.0961,2
0.6323,0.8,0.2222,0.1333,0.1667,0.061,0.0636,5
0.7007,0.71,0.5185,0.1591,0.2435,0.1226,0.1555,10
0.7637,0.7267,0.6296,0.191,0.2931,0.1798,0.2292,20
0.7361,0.3567,0.8889,0.1121,0.1992,0.0468,0.1221,50
0.676,0.36,0.8519,0.109,0.1933,0.0401,0.1023,100
0.6158,0.3,0.7778,0.0933,0.1667,0.0071,0.0202,200
0.602,0.3833,0.7037,0.0969,0.1704,0.0145,0.0333,300
0.5308,0.3467,0.7037,0.0918,0.1624,0.0038,0.0093,400
0.5352,0.3867,0.7407,0.1015,0.1786,0.0241,0.0557,500
0.5319,0.5733,0.4815,0.1024,0.1688,0.0239,0.037,1000
0.4809,0.7233,0.1852,0.0758,0.1075,-0.0232,-0.0264,2000
0.5002,0.88,0.037,0.0909,0.0526,6e-04,6e-04,5000
0.5105,0.4,0.6129,0.1016,0.1743,-0.0036,-0.0073,2
0.6753,0.6767,0.6452,0.1887,0.292,0.1572,0.2073,5
0.6381,0.6667,0.5806,0.1714,0.2647,0.1251,0.1642,10
0.7003,0.7467,0.6452,0.2353,0.3448,0.2279,0.2726,20
0.7852,0.71,0.8065,0.2358,0.365,0.2441,0.3218,50
0.7912,0.57,0.9355,0.1859,0.3102,0.1665,0.2823,100
0.6536,0.4833,0.7419,0.1353,0.2289,0.0655,0.1201,200
0.6256,0.4767,0.7419,0.1337,0.2266,0.0624,0.1157,300
0.5922,0.4667,0.7419,0.1314,0.2233,0.0579,0.1092,400
0.5572,0.4933,0.6452,0.1242,0.2083,0.0424,0.0739,500
0.5022,0.6233,0.3548,0.1058,0.163,0.0045,0.0058,1000
0.4833,0.79,0.0968,0.0789,0.087,-0.0303,-0.0305,2000
0.4926,0.8833,0,0,0,-0.0242,-0.0395,5000
0.5513,0.1533,0.9655,0.0996,0.1806,0.0065,0.0387,2
0.641,0.1533,0.9655,0.0996,0.1806,0.0065,0.0387,5
0.6716,0.1533,0.9655,0.0996,0.1806,0.0065,0.0387,10
0.6805,0.2233,0.931,0.1047,0.1882,0.0174,0.067,20
0.6666,0.6333,0.6897,0.1653,0.2667,0.1312,0.1909,50
0.6856,0.6367,0.6897,0.1667,0.2685,0.1335,0.1934,100
0.6557,0.65,0.6552,0.1667,0.2657,0.1319,0.1855,200
0.6399,0.59,0.7241,0.1544,0.2545,0.1132,0.178,300
0.6282,0.48,0.7241,0.1243,0.2121,0.0564,0.1061,400
0.5902,0.3933,0.7586,0.1117,0.1947,0.0315,0.0702,500
0.4641,0.5067,0.4138,0.0839,0.1395,-0.0253,-0.0412,1000
0.5051,0.69,0.2759,0.1,0.1468,0.0057,0.0068,2000
0.4933,0.8633,0.0345,0.0714,0.0465,-0.0175,-0.0189,5000
0.5451,0.4033,0.7,0.1099,0.19,0.0208,0.0439,2
0.6664,0.63,0.6,0.1538,0.2449,0.1019,0.1435,5
0.6505,0.82,0.2667,0.2,0.2286,0.129,0.1307,10
0.629,0.77,0.4667,0.209,0.2887,0.1746,0.1948,20
0.6448,0.4267,0.7333,0.1183,0.2037,0.038,0.0778,50
0.6364,0.6367,0.5333,0.1441,0.227,0.0825,0.1128,100
0.642,0.6433,0.6333,0.1652,0.2621,0.123,0.1714,200
0.6591,0.6567,0.6333,0.1712,0.2695,0.133,0.1818,300
0.5934,0.4267,0.6667,0.1099,0.1887,0.0205,0.0409,400
0.5381,0.4367,0.6333,0.1073,0.1836,0.0152,0.0294,500
0.4237,0.4333,0.4333,0.0783,0.1327,-0.0442,-0.0805,1000
0.4981,0.6833,0.2667,0.0988,0.1441,-0.0021,-0.0025,2000
0.4667,0.84,0,0,0,-0.0811,-0.0842,5000
0.4524,0.83,0.04,0.0357,0.0377,-0.0552,-0.0553,2
0.6009,0.7,0.52,0.1429,0.2241,0.1074,0.1421,5
0.6092,0.69,0.4,0.1136,0.177,0.0542,0.0706,10
0.6291,0.6767,0.56,0.14,0.224,0.1046,0.145,20
0.5839,0.5333,0.6,0.1034,0.1765,0.04,0.0704,50
0.6393,0.4867,0.76,0.1138,0.1979,0.0619,0.1234,100
0.6466,0.3433,0.88,0.1019,0.1826,0.039,0.1074,200
0.5726,0.42,0.76,0.1016,0.1792,0.0378,0.085,300
0.5333,0.4233,0.68,0.0934,0.1643,0.0208,0.0453,400
0.5318,0.4367,0.64,0.0909,0.1592,0.0155,0.0327,500
0.5873,0.5767,0.6,0.1136,0.1911,0.0593,0.0972,1000
0.5,0.7833,0.16,0.0833,0.1096,0,0,2000
0.4909,0.9,0,0,0,-0.0286,-0.0393,5000
0.4966,0.18,1,0.1055,0.1908,0.0193,0.0986,2
0.7113,0.18,1,0.1055,0.1908,0.0193,0.0986,5
0.7384,0.18,1,0.1055,0.1908,0.0193,0.0986,10
0.7048,0.2133,1,0.1094,0.1973,0.0279,0.1189,20
0.7329,0.27,1,0.1169,0.2094,0.0439,0.1498,50
0.6857,0.35,0.8621,0.1157,0.2041,0.0405,0.1035,100
0.7139,0.54,0.8276,0.1529,0.2581,0.1134,0.1993,200
0.7233,0.55,0.7931,0.1513,0.2541,0.1096,0.1874,300
0.7241,0.61,0.7586,0.1667,0.2733,0.1364,0.21,400
0.6746,0.5467,0.7931,0.1503,0.2527,0.1077,0.1853,500
0.5944,0.6567,0.5172,0.1442,0.2256,0.0876,0.1172,1000
0.5457,0.7633,0.2759,0.1379,0.1839,0.0632,0.0684,2000
0.4933,0.8633,0.0345,0.0714,0.0465,-0.0175,-0.0189,5000
0.5596,0.1567,0.963,0.0935,0.1705,0.0077,0.0438,2
0.5981,0.1533,0.9259,0.0903,0.1645,6e-04,0.0031,5
0.689,0.1533,0.9259,0.0903,0.1645,6e-04,0.0031,10
0.7506,0.1633,0.9259,0.0912,0.1661,0.0027,0.0141,20
0.7741,0.23,0.963,0.1016,0.1837,0.025,0.0975,50
0.7149,0.2433,0.8889,0.0968,0.1745,0.0146,0.0517,100
0.5629,0.3033,0.8519,0.1009,0.1804,0.0232,0.0676,200
0.5731,0.3267,0.8519,0.1041,0.1855,0.0299,0.0822,300
0.6106,0.3833,0.8519,0.1127,0.1991,0.0478,0.1159,400
0.5808,0.42,0.7778,0.1111,0.1944,0.0439,0.0963,500
0.5886,0.5867,0.5926,0.124,0.2051,0.0661,0.1033,1000
0.5195,0.7633,0.2222,0.1071,0.1446,0.0263,0.0287,2000
0.4945,0.9,0,0,0,-0.0183,-0.0316,5000
0.5081,0.9033,0,0,0,0,0,2
0.5674,0.7767,0.2069,0.12,0.1519,0.0337,0.0353,5
0.7562,0.75,0.5862,0.2125,0.3119,0.1981,0.2364,10
0.7921,0.7567,0.7241,0.2442,0.3652,0.2579,0.3165,20
0.7911,0.6833,0.8276,0.2105,0.3357,0.2146,0.3017,50
0.8086,0.69,0.8276,0.2143,0.3404,0.2208,0.3072,100
0.7246,0.7067,0.7586,0.2136,0.3333,0.2149,0.2861,200
0.6656,0.71,0.6897,0.2041,0.315,0.1948,0.2532,300
0.6715,0.71,0.6897,0.2041,0.315,0.1948,0.2532,400
0.6363,0.69,0.6552,0.1863,0.2901,0.1643,0.2176,500
0.4763,0.48,0.4828,0.0903,0.1522,-0.0128,-0.0222,1000
0.4805,0.6733,0.2414,0.0843,0.125,-0.0213,-0.0258,2000
0.4711,0.8233,0.0345,0.0385,0.0364,-0.0606,-0.0607,5000
0.5164,0.1567,0.9375,0.1068,0.1917,2e-04,0.0012,2
0.5665,0.1567,0.9375,0.1068,0.1917,2e-04,0.0012,5
0.7014,0.1567,0.9375,0.1068,0.1917,2e-04,0.0012,10
0.7203,0.2,0.9375,0.1119,0.2,0.0116,0.0494,20
0.7493,0.3233,0.875,0.1233,0.2162,0.036,0.0953,50
0.7334,0.4367,0.9062,0.1487,0.2555,0.0885,0.1856,100
0.7197,0.6733,0.75,0.2105,0.3288,0.1946,0.2634,200
0.67,0.6767,0.625,0.1905,0.292,0.1536,0.1992,300
0.6398,0.6633,0.6562,0.1892,0.2937,0.1535,0.2049,400
0.5757,0.53,0.5938,0.1293,0.2123,0.045,0.0717,500
0.4878,0.5067,0.4688,0.1027,0.1685,-0.0078,-0.0124,1000
0.4806,0.6867,0.2188,0.0921,0.1296,-0.0241,-0.0275,2000
0.4832,0.8633,0,0,0,-0.0491,-0.0608,5000
0.5047,0.1667,0.931,0.0982,0.1776,0.0033,0.017,2
0.6645,0.1667,0.931,0.0982,0.1776,0.0033,0.017,5
0.667,0.1667,0.931,0.0982,0.1776,0.0033,0.017,10
0.6265,0.1767,0.931,0.0993,0.1794,0.0057,0.0274,20
0.6743,0.5733,0.7241,0.1489,0.2471,0.1033,0.1666,50
0.6508,0.6533,0.6552,0.1681,0.2676,0.1344,0.188,100
0.6571,0.6333,0.6207,0.1538,0.2466,0.1084,0.1547,200
0.6425,0.59,0.6552,0.1439,0.236,0.0921,0.1418,300
0.6369,0.5067,0.7586,0.135,0.2292,0.0778,0.1414,400
0.655,0.5233,0.7931,0.1438,0.2434,0.0953,0.1703,500
0.6271,0.4967,0.7931,0.1369,0.2335,0.0822,0.1536,1000
0.5913,0.7067,0.4483,0.1529,0.2281,0.0981,0.1197,2000
0.5185,0.8533,0.1034,0.1429,0.12,0.0422,0.0429,5000
0.5792,0.21,1,0.1222,0.2178,0.0271,0.1172,2
0.6643,0.21,1,0.1222,0.2178,0.0271,0.1172,5
0.7543,0.21,1,0.1222,0.2178,0.0271,0.1172,10
0.767,0.2767,1,0.132,0.2332,0.0482,0.1572,20
0.789,0.55,0.8788,0.1812,0.3005,0.1445,0.2434,50
0.7885,0.3833,0.9394,0.1449,0.251,0.0746,0.1757,100
0.7602,0.5467,0.8485,0.1761,0.2917,0.1339,0.2243,200
0.7412,0.7067,0.8182,0.2477,0.3803,0.2544,0.3325,300
0.7739,0.6267,0.8485,0.2074,0.3333,0.1902,0.2816,400
0.7072,0.5067,0.9091,0.1714,0.2885,0.1268,0.2323,500
0.572,0.5467,0.6061,0.1399,0.2273,0.0591,0.0911,1000
0.5051,0.71,0.2424,0.1143,0.1553,0.0068,0.0076,2000
0.5288,0.8467,0.1212,0.1905,0.1481,0.0684,0.0706,5000
0.4668,0.32,0.6452,0.0939,0.1639,-0.0201,-0.0485,2
0.6506,0.64,0.5806,0.1593,0.25,0.1048,0.1429,5
0.7515,0.6767,0.6452,0.1887,0.292,0.1572,0.2073,10
0.7543,0.2067,1,0.1152,0.2067,0.0262,0.1152,20
0.7849,0.4233,0.9032,0.1414,0.2445,0.0802,0.1743,50
0.7072,0.34,0.9032,0.1256,0.2205,0.0477,0.1243,100
0.6963,0.5833,0.8065,0.1736,0.2857,0.1394,0.2218,200
0.6261,0.37,0.8387,0.1238,0.2158,0.0435,0.1028,300
0.6146,0.38,0.8387,0.1256,0.2185,0.0472,0.1092,400
0.5735,0.3733,0.7742,0.1171,0.2034,0.0291,0.0663,500
0.558,0.49,0.6452,0.1235,0.2073,0.0409,0.0716,1000
0.5312,0.6967,0.3226,0.125,0.1802,0.0367,0.0429,2000
0.4703,0.8433,0,0,0,-0.0757,-0.0806,5000
0.5175,0.19,0.9062,0.1078,0.1927,0.0025,0.0109,2
0.6627,0.19,0.9062,0.1078,0.1927,0.0025,0.0109,5
0.6922,0.19,0.9062,0.1078,0.1927,0.0025,0.0109,10
0.6776,0.2,0.9062,0.109,0.1946,0.0052,0.0213,20
0.7167,0.6333,0.7812,0.1953,0.3125,0.171,0.2477,50
0.7053,0.65,0.75,0.1983,0.3137,0.1744,0.2442,100
0.6386,0.6033,0.7188,0.1729,0.2788,0.129,0.1916,200
0.6319,0.6933,0.625,0.2,0.303,0.1687,0.2138,300
0.5845,0.5567,0.625,0.1418,0.2312,0.0694,0.1073,400
0.5276,0.43,0.5938,0.1073,0.1818,0.0014,0.0026,500
0.3993,0.4233,0.375,0.0727,0.1218,-0.0692,-0.1216,1000
0.4669,0.6867,0.1875,0.0811,0.1132,-0.042,-0.0474,2000
0.482,0.8367,0.0312,0.0526,0.0392,-0.0437,-0.0455,5000
0.4582,0.9133,0,0,0,0,0,2
0.6137,0.8867,0.0385,0.1,0.0556,0.0078,0.0088,5
0.724,0.8333,0.3462,0.2143,0.2647,0.1765,0.183,10
0.7845,0.8,0.5385,0.2258,0.3182,0.2233,0.2524,20
0.7883,0.7333,0.6923,0.2,0.3103,0.2032,0.2637,50
0.7391,0.7167,0.7692,0.202,0.32,0.2118,0.2877,100
0.7406,0.57,0.8462,0.1497,0.2543,0.1255,0.2195,200
0.6992,0.3967,0.7692,0.1026,0.181,0.0331,0.077,300
0.6424,0.4567,0.7692,0.113,0.197,0.0541,0.1123,400
0.6343,0.4867,0.7692,0.119,0.2062,0.066,0.1298,500
0.565,0.59,0.5385,0.112,0.1854,0.049,0.0761,1000
0.4766,0.7433,0.1538,0.0678,0.0941,-0.0298,-0.0332,2000
0.4891,0.8933,0,0,0,-0.0336,-0.044,5000
0.5659,0.2,0.9697,0.1181,0.2105,0.0179,0.079,2
0.6983,0.2033,0.9697,0.1185,0.2112,0.0189,0.0817,5
0.7083,0.2067,0.9697,0.119,0.2119,0.0199,0.0843,10
0.7635,0.2467,0.9697,0.1245,0.2207,0.032,0.1134,20
0.7684,0.29,0.9394,0.1281,0.2255,0.0395,0.1182,50
0.76,0.5167,0.8788,0.1706,0.2857,0.1244,0.2214,100
0.7579,0.7267,0.7273,0.2474,0.3692,0.2454,0.3036,200
0.7211,0.7233,0.697,0.2396,0.3566,0.2306,0.2841,300
0.6977,0.6133,0.7273,0.1832,0.2927,0.1419,0.206,400
0.6795,0.6467,0.7273,0.1983,0.3117,0.1678,0.2321,500
0.6032,0.4967,0.7273,0.1446,0.2412,0.0707,0.123,1000
0.4978,0.6733,0.2727,0.1084,0.1552,-0.0027,-0.0031,2000
0.4831,0.86,0,0,0,-0.0495,-0.0618,5000
0.5055,0.38,0.6667,0.102,0.177,0.0043,0.0093,2
0.5628,0.55,0.5333,0.1168,0.1916,0.033,0.0513,5
0.7091,0.7067,0.7333,0.2157,0.3333,0.2115,0.2768,10
0.7322,0.7267,0.6667,0.2174,0.3279,0.2085,0.2602,20
0.8006,0.6567,0.8667,0.208,0.3355,0.2077,0.3043,50
0.7434,0.7067,0.7,0.21,0.3231,0.2,0.2593,100
0.7685,0.6967,0.7667,0.215,0.3358,0.2128,0.2853,200
0.7454,0.6867,0.7667,0.2091,0.3286,0.2034,0.2767,300
0.7496,0.7067,0.7667,0.2212,0.3433,0.2226,0.2942,400
0.6536,0.5333,0.7667,0.1474,0.2473,0.0956,0.1646,500
0.4575,0.4867,0.4333,0.0867,0.1444,-0.0267,-0.0444,1000
0.4448,0.67,0.1667,0.0633,0.0917,-0.0622,-0.0732,2000
0.4667,0.84,0,0,0,-0.0811,-0.0842,5000
0.4821,0.1533,0.931,0.0968,0.1753,2e-04,0.0013,2
0.6272,0.1533,0.931,0.0968,0.1753,2e-04,0.0013,5
0.6505,0.1533,0.931,0.0968,0.1753,2e-04,0.0013,10
0.668,0.2,0.931,0.1019,0.1837,0.0114,0.0486,20
0.7091,0.2567,0.8966,0.1057,0.1891,0.0195,0.0652,50
0.6767,0.32,0.8621,0.1111,0.1969,0.0309,0.0847,100
0.6666,0.66,0.6897,0.177,0.2817,0.1511,0.2113,200
0.6424,0.66,0.6207,0.1651,0.2609,0.1277,0.175,300
0.6199,0.6067,0.6207,0.144,0.2338,0.0911,0.1354,400
0.5881,0.4067,0.7241,0.1099,0.1909,0.0277,0.0595,500
0.5835,0.47,0.7241,0.1221,0.209,0.0521,0.0997,1000
0.558,0.73,0.3448,0.1389,0.198,0.0698,0.0803,2000
0.5142,0.8733,0.069,0.1538,0.0952,0.0376,0.0412,5000
0.627,0.9133,0,0,0,0,0,2
0.6805,0.66,0.6154,0.1481,0.2388,0.1152,0.1639,5
0.7309,0.6933,0.7308,0.1827,0.2923,0.1784,0.2486,10
0.7027,0.1767,1,0.0952,0.1739,0.0186,0.0969,20
0.7556,0.4767,0.8846,0.1299,0.2266,0.0889,0.1845,50
0.7598,0.6567,0.7692,0.1709,0.2797,0.1607,0.2395,100
0.6918,0.4667,0.8462,0.1236,0.2157,0.0759,0.1585,200
0.5943,0.36,0.8462,0.1048,0.1864,0.0381,0.0982,300
0.5825,0.39,0.8077,0.1055,0.1867,0.0394,0.0941,400
0.5959,0.4,0.7692,0.1031,0.1818,0.0342,0.079,500
0.5463,0.5267,0.5769,0.1027,0.1744,0.032,0.0556,1000
0.5095,0.74,0.2308,0.0938,0.1333,0.0115,0.0131,2000
0.5083,0.8967,0.0385,0.1429,0.0606,0.0247,0.0309,5000
0.7346,0.8567,0.5185,0.3182,0.3944,0.3183,0.3306,2
0.7018,0.6367,0.7407,0.1639,0.2685,0.142,0.2139,5
0.741,0.66,0.8148,0.1849,0.3014,0.1812,0.2688,10
0.7079,0.24,0.8889,0.0964,0.1739,0.0138,0.0493,20
0.6852,0.5567,0.7778,0.1419,0.24,0.1035,0.1789,50
0.7017,0.6167,0.8148,0.1667,0.2767,0.1497,0.2375,100
0.6726,0.5033,0.7778,0.128,0.2199,0.0773,0.146,200
0.7021,0.44,0.8148,0.1189,0.2075,0.0599,0.1282,300
0.6288,0.4333,0.8519,0.1217,0.213,0.0658,0.1445,400
0.6722,0.4867,0.8889,0.1371,0.2376,0.0968,0.1949,500
0.6392,0.6167,0.6667,0.1452,0.2384,0.1063,0.1618,1000
0.5383,0.7367,0.2963,0.1176,0.1684,0.0454,0.0523,2000
0.491,0.8633,0.037,0.0625,0.0465,-0.0219,-0.0228,5000
0.5261,0.19,0.9375,0.1107,0.198,0.0089,0.04,2
0.5943,0.19,0.9375,0.1107,0.198,0.0089,0.04,5
0.7058,0.1933,0.9375,0.1111,0.1987,0.0098,0.0432,10
0.6486,0.2833,0.8125,0.1106,0.1948,0.0086,0.0245,20
0.6482,0.3867,0.75,0.12,0.2069,0.0282,0.0611,50
0.6781,0.66,0.6875,0.193,0.3014,0.1617,0.2189,100
0.6523,0.4667,0.75,0.1364,0.2308,0.0613,0.1146,200
0.6341,0.5567,0.6562,0.1469,0.24,0.0795,0.1242,300
0.5859,0.5,0.625,0.1266,0.2105,0.0403,0.0681,400
0.5096,0.4733,0.5312,0.1062,0.1771,-8e-04,-0.0014,500
0.5233,0.5433,0.5,0.1168,0.1893,0.0198,0.0301,1000
0.4937,0.71,0.2188,0.1014,0.1386,-0.0083,-0.0092,2000
0.4839,0.84,0.0312,0.0556,0.04,-0.0399,-0.0418,5000
0.509,0.86,0.0741,0.1053,0.087,0.0136,0.0139,2
0.6527,0.7267,0.3704,0.1333,0.1961,0.0734,0.0874,5
0.6249,0.7333,0.4074,0.1467,0.2157,0.096,0.1143,10
0.6559,0.69,0.5556,0.1562,0.2439,0.1203,0.1588,20
0.7188,0.5833,0.7407,0.1449,0.2424,0.1082,0.1771,50
0.7029,0.3267,0.9259,0.1111,0.1984,0.0449,0.1278,100
0.7392,0.3967,0.8889,0.1188,0.2096,0.0604,0.1445,200
0.6987,0.43,0.9259,0.1289,0.2262,0.081,0.1837,300
0.6752,0.4767,0.8889,0.1348,0.2341,0.0923,0.1892,400
0.6792,0.52,0.8519,0.1411,0.2421,0.1037,0.1948,500
0.6502,0.6367,0.6667,0.1525,0.2483,0.1193,0.176,1000
0.5324,0.7867,0.2222,0.1224,0.1579,0.0473,0.0501,2000
0.4872,0.8867,0,0,0,-0.0385,-0.0486,5000
0.5453,0.8467,0.0571,0.1333,0.08,0.0108,0.0119,2
0.6224,0.81,0.1143,0.1333,0.1231,0.0172,0.0173,5
0.7347,0.7933,0.2571,0.2,0.225,0.1079,0.109,10
0.7081,0.7233,0.5143,0.2143,0.3025,0.165,0.1896,20
0.7387,0.6667,0.7429,0.2222,0.3421,0.1981,0.2629,50
0.7555,0.71,0.7714,0.2547,0.383,0.2517,0.3179,100
0.7278,0.67,0.7429,0.2241,0.3444,0.2012,0.2658,200
0.7037,0.6633,0.7429,0.2203,0.3399,0.195,0.26,300
0.6517,0.64,0.6857,0.1983,0.3077,0.1547,0.2092,400
0.5916,0.6233,0.6,0.175,0.271,0.1102,0.1484,500
0.5505,0.5,0.6286,0.1384,0.2268,0.044,0.0718,1000
0.4679,0.6733,0.2,0.0909,0.125,-0.0422,-0.0471,2000
0.5232,0.8367,0.1143,0.1818,0.1404,0.0553,0.0571,5000
0.4559,0.8367,0,0,0,-0.0857,-0.0874,2
0.6423,0.78,0.1379,0.0889,0.1081,-0.0107,-0.0111,5
0.6682,0.76,0.2069,0.1091,0.1429,0.0186,0.0199,10
0.6797,0.73,0.3103,0.1286,0.1818,0.0523,0.0596,20
0.7316,0.5567,0.8621,0.1623,0.2732,0.132,0.2282,50
0.7684,0.3367,0.9655,0.1239,0.2196,0.0582,0.161,100
0.7381,0.4,0.8966,0.1281,0.2241,0.0662,0.1538,200
0.6985,0.36,0.931,0.1244,0.2195,0.059,0.1519,300
0.6591,0.4133,0.931,0.1343,0.2348,0.0792,0.1816,400
0.5828,0.4367,0.7586,0.1196,0.2066,0.0475,0.0976,500
0.5474,0.57,0.5172,0.1154,0.1887,0.0364,0.0554,1000
0.6091,0.7667,0.4138,0.1846,0.2553,0.1404,0.1565,2000
0.4969,0.87,0.0345,0.0833,0.0488,-0.0083,-0.0092,5000
0.5306,0.41,0.6364,0.1129,0.1918,0.0061,0.0119,2
0.6764,0.7133,0.5758,0.2088,0.3065,0.1729,0.2083,5
0.705,0.77,0.2727,0.1667,0.2069,0.0815,0.0849,10
0.7379,0.75,0.7576,0.2717,0.4,0.2841,0.3438,20
0.7988,0.7233,0.8182,0.2596,0.3942,0.2727,0.3483,50
0.8315,0.72,0.8182,0.2571,0.3913,0.2689,0.3451,100
0.7147,0.46,0.8485,0.1514,0.2569,0.0863,0.1676,200
0.7251,0.7167,0.7576,0.2451,0.3704,0.2448,0.3099,300
0.7146,0.7233,0.697,0.2396,0.3566,0.2306,0.2841,400
0.6913,0.7133,0.697,0.2323,0.3485,0.2197,0.2744,500
0.5313,0.4533,0.6364,0.1214,0.2039,0.0235,0.0425,1000
0.5453,0.6633,0.3939,0.1383,0.2047,0.05,0.0611,2000
0.4814,0.8333,0.0303,0.0526,0.0385,-0.0456,-0.0477,5000
0.5379,0.1667,1,0.0975,0.1776,0.0163,0.0906,2
0.7253,0.17,1,0.0978,0.1782,0.0171,0.0927,5
0.7889,0.17,1,0.0978,0.1782,0.0171,0.0927,10
0.7764,0.1867,1,0.0996,0.1812,0.0209,0.1029,20
0.8103,0.6333,0.8519,0.1783,0.2949,0.1716,0.268,50
0.7654,0.4233,0.8519,0.1198,0.21,0.062,0.1388,100
0.733,0.5133,0.8519,0.1394,0.2396,0.1004,0.1908,200
0.669,0.4067,0.7778,0.1088,0.1909,0.0392,0.0883,300
0.6281,0.4033,0.7778,0.1082,0.19,0.038,0.0863,400
0.5695,0.37,0.7407,0.099,0.1747,0.0189,0.0452,500
0.6087,0.5433,0.6667,0.1233,0.2081,0.0662,0.1133,1000
0.4589,0.6833,0.1852,0.0641,0.0952,-0.0444,-0.0536,2000
0.4615,0.84,0,0,0,-0.0855,-0.0863,5000
0.526,0.8367,0,0,0,-0.0841,-0.0867,2
0.5958,0.7467,0.1667,0.0893,0.1163,-0.016,-0.0171,5
0.6641,0.7167,0.4667,0.1687,0.2478,0.1183,0.1416,10
0.6599,0.69,0.5667,0.1753,0.2677,0.1357,0.1734,20
0.7,0.6933,0.6667,0.1961,0.303,0.1756,0.2299,50
0.7079,0.6767,0.6333,0.181,0.2815,0.1491,0.198,100
0.7193,0.6833,0.6667,0.1905,0.2963,0.1667,0.2213,200
0.6848,0.6733,0.6333,0.1792,0.2794,0.1463,0.1953,300
0.6832,0.6867,0.6333,0.1863,0.2879,0.1577,0.2064,400
0.6074,0.6633,0.5333,0.1553,0.2406,0.1014,0.1334,500
0.5471,0.4767,0.6333,0.1152,0.1949,0.0309,0.0558,1000
0.5056,0.6433,0.3333,0.1031,0.1575,0.0056,0.0071,2000
0.5148,0.8467,0.1,0.1364,0.1154,0.0336,0.0341,5000
0.6011,0.4467,0.8,0.1497,0.2523,0.0693,0.1325,2
0.725,0.71,0.6571,0.2347,0.3459,0.21,0.2561,5
0.737,0.7567,0.5714,0.2564,0.354,0.23,0.258,10
0.7555,0.7333,0.7143,0.2632,0.3846,0.2581,0.3106,20
0.7623,0.6867,0.7429,0.2342,0.3562,0.2173,0.2807,50
0.79,0.7133,0.7143,0.2475,0.3676,0.2351,0.2904,100
0.7544,0.7,0.7143,0.2381,0.3571,0.2208,0.2776,200
0.7626,0.7167,0.7143,0.25,0.3704,0.2388,0.2937,300
0.7502,0.7133,0.7429,0.2524,0.3768,0.2454,0.3058,400
0.6895,0.66,0.6857,0.2087,0.32,0.1719,0.226,500
0.5665,0.5167,0.6286,0.1429,0.2328,0.0527,0.0838,1000
0.5437,0.68,0.3714,0.1494,0.2131,0.056,0.0652,2000
0.5116,0.86,0.0571,0.1818,0.087,0.033,0.0396,5000
0.6065,0.8733,0.1538,0.2,0.1739,0.1066,0.1077,2
0.6595,0.75,0.3077,0.1231,0.1758,0.0594,0.0681,5
0.6993,0.74,0.5385,0.175,0.2642,0.1534,0.1893,10
0.7409,0.7133,0.5769,0.1667,0.2586,0.1434,0.1861,20
0.7213,0.3333,0.9231,0.1081,0.1935,0.0454,0.1286,50
0.7143,0.5767,0.6923,0.1314,0.2209,0.088,0.1457,100
0.6664,0.3267,0.9231,0.1071,0.192,0.0434,0.1249,200
0.6436,0.3967,0.9231,0.1182,0.2096,0.0661,0.1623,300
0.6145,0.42,0.8462,0.1146,0.2018,0.058,0.1323,400
0.6035,0.4333,0.8077,0.1129,0.1981,0.0543,0.1191,500
0.5787,0.5167,0.6538,0.1111,0.1899,0.0491,0.0886,1000
0.515,0.75,0.2308,0.0984,0.1379,0.0187,0.021,2000
0.4854,0.8867,0,0,0,-0.0425,-0.051,5000
0.5152,0.8633,0.0312,0.0909,0.0465,-0.0085,-0.01,2
0.6051,0.8267,0.25,0.2222,0.2353,0.1379,0.1382,5
0.7069,0.8133,0.375,0.25,0.3,0.1972,0.2026,10
0.7352,0.73,0.6562,0.2308,0.3415,0.218,0.2653,20
0.7667,0.64,0.75,0.1935,0.3077,0.1663,0.2362,50
0.7811,0.67,0.75,0.2087,0.3265,0.1916,0.2606,100
0.6996,0.64,0.8125,0.2031,0.325,0.1861,0.2696,200
0.6704,0.6,0.75,0.1765,0.2857,0.1366,0.2059,300
0.6022,0.4267,0.75,0.1277,0.2182,0.0439,0.0881,400
0.6024,0.49,0.7188,0.1377,0.2312,0.0635,0.1127,500
0.5767,0.54,0.625,0.137,0.2247,0.0603,0.0956,1000
0.538,0.74,0.2812,0.1406,0.1875,0.0528,0.0573,2000
0.4683,0.8367,0,0,0,-0.0799,-0.0847,5000
0.6119,0.1667,1,0.0975,0.1776,0.0163,0.0906,2
0.6503,0.1833,1,0.0993,0.1806,0.0202,0.1009,5
0.7179,0.1833,1,0.0993,0.1806,0.0202,0.1009,10
0.7686,0.2267,1,0.1042,0.1888,0.0308,0.1251,20
0.7981,0.3567,0.963,0.1193,0.2122,0.062,0.1667,50
0.7381,0.4167,0.963,0.13,0.2291,0.0838,0.1977,100
0.7266,0.6067,0.8148,0.163,0.2716,0.1431,0.2306,200
0.6783,0.3667,0.9259,0.1174,0.2083,0.0578,0.1497,300
0.6729,0.4167,0.8889,0.1224,0.2152,0.0678,0.1557,400
0.6566,0.4,0.8519,0.1156,0.2035,0.0535,0.1255,500
0.584,0.5467,0.6296,0.1189,0.2,0.0573,0.0963,1000
0.5751,0.7733,0.3333,0.1525,0.2093,0.0979,0.1081,2000
0.5094,0.8967,0.037,0.1667,0.0606,0.0288,0.0383,5000
0.5504,0.9033,0,0,0,0,0,2
0.6654,0.84,0.2069,0.1935,0.2,0.1112,0.1113,5
0.782,0.7967,0.5172,0.2419,0.3297,0.228,0.2509,10
0.7912,0.72,0.7241,0.2165,0.3333,0.2168,0.2803,20
0.8073,0.4933,0.9655,0.1564,0.2692,0.1234,0.246,50
0.7935,0.6533,0.8966,0.2047,0.3333,0.2088,0.3133,100
0.8079,0.69,0.931,0.2288,0.3673,0.2511,0.3601,200
0.813,0.6867,0.931,0.2269,0.3649,0.248,0.3573,300
0.7991,0.61,0.8966,0.1857,0.3077,0.1757,0.2819,400
0.7414,0.5267,0.8966,0.1576,0.268,0.124,0.2279,500
0.5924,0.57,0.6207,0.1324,0.2182,0.07,0.11,1000
0.513,0.76,0.2069,0.1091,0.1429,0.0186,0.0199,2000
0.5062,0.8867,0.0345,0.1429,0.0556,0.0187,0.0242,5000
0.5562,0.8533,0.0938,0.1667,0.12,0.0468,0.0491,2
0.642,0.6733,0.4062,0.1413,0.2097,0.0611,0.0746,5
0.6262,0.7067,0.4688,0.1744,0.2542,0.1169,0.1391,10
0.6367,0.2233,0.9688,0.1179,0.2102,0.0247,0.0968,20
0.7069,0.5433,0.7188,0.1523,0.2514,0.0914,0.1489,50
0.6769,0.51,0.8438,0.1598,0.2687,0.1088,0.1954,100
0.573,0.37,0.7188,0.1133,0.1957,0.0141,0.0311,200
0.5224,0.38,0.6875,0.1111,0.1913,0.0094,0.0201,300
0.4992,0.4567,0.5625,0.1078,0.1809,0.0023,0.0041,400
0.4653,0.46,0.5,0.0988,0.1649,-0.0161,-0.0277,500
0.5192,0.61,0.4062,0.1171,0.1818,0.0194,0.0259,1000
0.538,0.74,0.2812,0.1406,0.1875,0.0528,0.0573,2000
0.5026,0.8733,0.0312,0.125,0.05,0.0077,0.0098,5000
0.5505,0.9133,0,0,0,0,0,2
0.7225,0.9133,0,0,0,0,0,5
0.7743,0.85,0.2692,0.2121,0.2373,0.1554,0.1568,10
0.7296,0.7467,0.5385,0.1795,0.2692,0.16,0.1956,20
0.7607,0.7367,0.7308,0.2088,0.3248,0.2196,0.2864,50
0.7887,0.6567,0.9615,0.1969,0.3268,0.2137,0.3355,100
0.7113,0.3967,0.8462,0.1106,0.1956,0.0499,0.1192,200
0.6523,0.5033,0.7308,0.118,0.2032,0.0634,0.1199,300
0.6185,0.52,0.6923,0.1169,0.2,0.0607,0.1103,400
0.5699,0.46,0.6923,0.1047,0.1818,0.0368,0.0741,500
0.5383,0.5733,0.5,0.1016,0.1688,0.0289,0.0457,1000
0.5131,0.81,0.1538,0.1026,0.1231,0.0213,0.0218,2000
0.4909,0.8967,0,0,0,-0.0288,-0.0401,5000
0.6124,0.91,0,0,0,0,0,2
0.7314,0.81,0.4074,0.2115,0.2785,0.1815,0.1945,5
0.7203,0.81,0.2593,0.1591,0.1972,0.0964,0.1001,10
0.6859,0.2367,0.963,0.1024,0.1851,0.0267,0.1015,20
0.7151,0.3533,0.963,0.1187,0.2114,0.0609,0.165,50
0.7083,0.3367,0.9259,0.1126,0.2008,0.048,0.1333,100
0.5693,0.2967,0.8519,0.1,0.179,0.0213,0.0633,200
0.5764,0.3233,0.8519,0.1036,0.1847,0.0289,0.0802,300
0.5698,0.3533,0.8148,0.1043,0.1849,0.0301,0.0768,400
0.5581,0.3967,0.7778,0.1071,0.1883,0.0358,0.0822,500
0.5214,0.4933,0.5556,0.0968,0.1648,0.0136,0.0245,1000
0.4495,0.6967,0.1481,0.0556,0.0808,-0.0576,-0.0676,2000
0.4744,0.8633,0,0,0,-0.0655,-0.0696,5000
0.5247,0.3533,0.7273,0.1148,0.1983,0.0103,0.0234,2
0.6199,0.57,0.6061,0.1471,0.2367,0.0725,0.1079,5
0.7504,0.7533,0.5758,0.2405,0.3393,0.2179,0.2494,10
0.7144,0.73,0.6364,0.2333,0.3415,0.2151,0.258,20
0.7224,0.7067,0.6667,0.2222,0.3333,0.2016,0.2517,50
0.7277,0.6767,0.7273,0.2143,0.331,0.1941,0.2573,100
0.662,0.5867,0.7273,0.1727,0.2791,0.1232,0.1861,200
0.6882,0.52,0.7576,0.1553,0.2577,0.0919,0.1557,300
0.6842,0.5367,0.7273,0.1558,0.2567,0.0922,0.1505,400
0.6328,0.5133,0.7576,0.1534,0.2551,0.0883,0.1512,500
0.575,0.5267,0.6667,0.1438,0.2366,0.0679,0.1102,1000
0.4886,0.6333,0.303,0.1031,0.1538,-0.0123,-0.0153,2000
0.4775,0.85,0,0,0,-0.0623,-0.0718,5000
0.5717,0.1833,0.9333,0.1033,0.186,0.0073,0.0338,2
0.6736,0.21,0.8667,0.1004,0.1799,8e-04,0.0032,5
0.6841,0.2133,0.8667,0.1008,0.1806,0.0017,0.0064,10
0.6593,0.2267,0.8667,0.1024,0.1831,0.0051,0.0185,20
0.667,0.2533,0.9333,0.112,0.2,0.0261,0.0894,50
0.7181,0.45,0.8667,0.139,0.2396,0.0813,0.1674,100
0.7,0.66,0.6333,0.1727,0.2714,0.1356,0.1845,200
0.6775,0.7033,0.6,0.1895,0.288,0.1604,0.203,300
0.6847,0.71,0.6,0.1935,0.2927,0.1667,0.209,400
0.6164,0.64,0.5,0.1389,0.2174,0.0722,0.0972,500
0.5603,0.5533,0.5667,0.1232,0.2024,0.0456,0.0713,1000
0.5907,0.7967,0.3333,0.1961,0.2469,0.1384,0.1449,2000
0.5352,0.8833,0.1,0.2727,0.1463,0.0979,0.1123,5000
0.5749,0.1867,1,0.1127,0.2026,0.0207,0.1024,2
0.6902,0.19,1,0.1131,0.2033,0.0216,0.1046,5
0.6967,0.19,1,0.1131,0.2033,0.0216,0.1046,10
0.72,0.22,1,0.117,0.2095,0.03,0.1234,20
0.7239,0.5433,0.7419,0.1513,0.2514,0.0962,0.1597,50
0.7487,0.69,0.6774,0.2019,0.3111,0.1807,0.2359,100
0.728,0.4067,0.871,0.1343,0.2328,0.0654,0.1451,200
0.6347,0.3933,0.871,0.1317,0.2288,0.0601,0.1369,300
0.5547,0.3867,0.7742,0.1194,0.2069,0.0339,0.0752,400
0.5398,0.45,0.6452,0.1149,0.1951,0.0239,0.0448,500
0.5806,0.5767,0.5806,0.1364,0.2209,0.0642,0.0962,1000
0.5324,0.75,0.2581,0.1333,0.1758,0.0458,0.0493,2000
0.51,0.8633,0.0645,0.1429,0.0889,0.0263,0.0287,5000
0.5437,0.8167,0.0968,0.1,0.0984,-0.0036,-0.0037,2
0.6684,0.7,0.6774,0.2079,0.3182,0.1901,0.2448,5
0.6967,0.7033,0.7097,0.2157,0.3308,0.2048,0.2649,10
0.7121,0.6967,0.7742,0.2222,0.3453,0.2201,0.2929,20
0.7587,0.6067,0.8387,0.1871,0.3059,0.1647,0.2555,50
0.749,0.6633,0.8065,0.2083,0.3311,0.1997,0.2816,100
0.7985,0.7167,0.8387,0.2453,0.3796,0.2615,0.3447,200
0.7818,0.7167,0.8387,0.2453,0.3796,0.2615,0.3447,300
0.7645,0.69,0.8387,0.2281,0.3586,0.2342,0.3208,400
0.7244,0.54,0.8387,0.1635,0.2737,0.1218,0.21,500
0.4725,0.4933,0.4516,0.094,0.1556,-0.0187,-0.0306,1000
0.5212,0.73,0.2581,0.1212,0.1649,0.0283,0.0312,2000
0.474,0.85,0,0,0,-0.0687,-0.0751,5000
0.5625,0.9067,0,0,0,0,0,2
0.747,0.8633,0.1786,0.2174,0.1961,0.1222,0.1229,5
0.704,0.8133,0.2143,0.15,0.1765,0.0749,0.0764,10
0.753,0.7367,0.6071,0.2,0.3009,0.1867,0.2306,20
0.763,0.7067,0.75,0.2059,0.3231,0.2069,0.2777,50
0.7417,0.5433,0.8571,0.1529,0.2595,0.1201,0.2144,100
0.7184,0.4233,0.8571,0.1244,0.2172,0.0647,0.1432,200
0.7293,0.6733,0.75,0.1875,0.3,0.1771,0.2499,300
0.7224,0.55,0.8214,0.1503,0.2541,0.1144,0.1999,400
0.7218,0.6,0.7857,0.1618,0.2683,0.1343,0.2142,500
0.6083,0.5533,0.6786,0.1319,0.2209,0.0766,0.1275,1000
0.4832,0.76,0.1429,0.0769,0.1,-0.0243,-0.0258,2000
0.4816,0.8733,0,0,0,-0.0517,-0.0596,5000
0.5478,0.8767,0,0,0,0,0,2
0.6726,0.77,0.5676,0.2838,0.3784,0.256,0.2792,5
0.6919,0.7567,0.4324,0.2353,0.3048,0.1726,0.1843,10
0.7447,0.7367,0.6757,0.2717,0.3876,0.2569,0.3002,20
0.795,0.7133,0.7568,0.2667,0.3944,0.2593,0.3199,50
0.7929,0.7033,0.7568,0.2593,0.3862,0.2481,0.31,100
0.7081,0.71,0.7027,0.2549,0.3741,0.2358,0.2872,200
0.6912,0.6667,0.7027,0.2261,0.3421,0.1912,0.2464,300
0.7053,0.69,0.7027,0.2407,0.3586,0.2143,0.2678,400
0.7051,0.6367,0.7568,0.2188,0.3394,0.1831,0.2503,500
0.5013,0.44,0.5946,0.1257,0.2075,0.0049,0.0086,1000
0.4636,0.65,0.2162,0.0952,0.1322,-0.0471,-0.0533,2000
0.4991,0.7733,0.1351,0.122,0.1282,-0.0017,-0.0017,5000
