"","p_val","avg_log2FC","pct.1","pct.2","p_val_adj"
"Pou3f1",9.78841073265973e-94,2.18053204142287,0.375,0.072,1.89787495695539e-89
"Atp1b1",7.04106155728533e-79,0.427768323514424,1,0.999,1.36519142534205e-74
"Bcl11b",1.39116107607197e-72,0.895040167474987,0.995,0.77,2.69732221039595e-68
"Ina",6.45612973653358e-69,0.777840095072662,0.997,0.975,1.2517789946165e-64
"Camk2d",9.34379013938853e-67,-2.01969518846295,0.204,0.585,1.81166747012604e-62
"Crym",7.66406134880999e-66,0.765880164337341,1,0.842,1.48598485492077e-61
"Olfm1",2.71785856457023e-65,-0.490200324201033,1,0.999,5.26965597084522e-61
"Adamts2",1.27318168794052e-63,1.10347403734565,0.318,0.047,2.46857197474788e-59
"Pex5l",9.38700664995879e-63,1.13304760605665,0.829,0.685,1.82004671936051e-58
"Nrn1",1.77189386595518e-62,-1.77898188184892,0.628,0.726,3.43552501670051e-58
"Pcdh10",1.33754958507635e-61,-0.807328224478572,0.886,0.978,2.59337489050454e-57
"Fam84b",4.02270689023414e-61,0.930885777068233,0.282,0.038,7.79962638947497e-57
"Bcl6",4.34226956814847e-57,1.02863643587967,0.297,0.05,8.41922646568306e-53
"Car10",8.47392154105306e-56,-1.37332806753238,0.447,0.738,1.64300864759478e-51
"Nrip3",6.19616588780646e-53,0.597665173669147,0.982,0.708,1.20137460398679e-48
"Igfbp4",3.88634113539997e-52,1.45016032136222,0.558,0.236,7.53522682742701e-48
"Fezf2",6.230291460695e-49,0.819222678624018,0.93,0.701,1.20799121131415e-44
"Gprc5b",2.29109902744308e-48,0.726114893145397,0.279,0.045,4.44221190430939e-44
"Nfia",1.95682957500379e-47,0.668725794601251,0.959,0.689,3.79409686297486e-43
"Ptprk",3.41290327391291e-47,-1.44207822299488,0.075,0.373,6.61727815778974e-43
"Gap43",6.57512193566905e-47,0.458629476816397,1,0.994,1.27485039210687e-42
"Sorbs2",3.24956241447572e-45,-0.746742760584586,0.948,0.96,6.30057656542697e-41
"Necab1",1.96888671169096e-44,-1.19346982226781,0.61,0.713,3.81747444529761e-40
"Lypd1",5.41682431781972e-44,1.01360904502864,0.871,0.558,1.05026806698207e-39
"Camk2n2",2.08069520483947e-43,-1.53039652445356,0.279,0.543,4.03425993266324e-39
"Pcdh15",1.08234564296188e-42,-1.28502382980674,0.181,0.453,2.09855996713879e-38
"Parm1",5.48115483882758e-42,0.896304136817432,0.765,0.463,1.06274111170028e-37
"Cdh13",1.85637307793833e-41,0.556726452240205,0.959,0.692,3.59932176081463e-37
"Fam126a",7.13081911777948e-41,0.940839461386936,0.406,0.169,1.38259451874626e-36
"Dscaml1",1.16693974443381e-40,0.747945218739237,0.77,0.456,2.26257947048272e-36
"3100002H09Rik",2.08967375521734e-40,0.430542759306185,0.142,0.009,4.0516684439909e-36
"Elmod1",5.89516419720968e-40,0.482771559879505,1,0.981,1.14301338619699e-35
"Vat1l",2.85739231525656e-39,1.01260300812652,0.455,0.265,5.54019796005095e-35
"Nwd2",4.95152168001439e-39,-1.18067860559216,0.429,0.574,9.6005053853799e-35
"Neurod6",7.14795600156886e-39,-0.559833468880543,0.827,0.953,1.38591718914419e-34
"Calm1",5.08921140759859e-38,0.339375491118534,1,1,9.8674719981929e-34
"Gm19410",5.13683608823076e-38,0.87032968779049,0.537,0.262,9.95981149147061e-34
"Nfib",1.33385837995681e-37,0.50762024749864,1,0.941,2.58621801289825e-33
"L3mbtl4",7.22895241493179e-37,0.384741731460185,0.142,0.011,1.40162158373112e-32
"Lmo1",1.69494838097551e-36,0.395986375413476,0.884,0.582,3.28633541587341e-32
"Satb2",2.48120632720506e-36,-0.680082756069073,0.695,0.785,4.8108109478179e-32
"Cadps2",3.95814971465515e-36,0.753234836030068,0.85,0.578,7.67445648174488e-32
"Ccl27a",4.77452207443544e-36,0.470929739752919,1,0.967,9.25732085012287e-32
"Arl6ip1",8.56028551027069e-36,0.39916554257263,1,0.996,1.65975375758638e-31
"Cxcl12",1.36731420743791e-35,0.512633026465386,0.884,0.587,2.65108551680136e-31
"Sh3gl2",1.45037667061971e-35,-0.334643538791713,1,0.994,2.81213532666456e-31
"Arhgef26",1.98228253335017e-35,0.525081178314988,0.22,0.04,3.84344760391265e-31
"Cdh10",3.06609829560248e-35,-0.983855105226907,0.328,0.515,5.94485798534365e-31
"Cyr61",3.64883088549243e-35,1.31031346700856,0.618,0.399,7.07471820388128e-31
"Crim1",3.88804772208662e-35,0.740193388609077,0.928,0.744,7.53853572835376e-31
"Hsp90aa1",8.90810203324182e-35,0.45170290677276,1,0.999,1.72719190322526e-30
"Ckmt1",1.63027209061197e-34,0.51305075479887,0.987,0.877,3.16093455648754e-30
"Arl4d",1.76364249304119e-34,1.25309058279895,0.726,0.499,3.41952642975756e-30
"Rab3c",3.5154123186187e-34,1.03586784866448,0.948,0.869,6.81603294456979e-30
"Nr2f1",5.74146555015551e-34,-0.805841193811967,0.837,0.823,1.11321275551965e-29
"Mgat5",9.58985534542172e-34,-0.872540925523831,0.455,0.533,1.85937705292382e-29
"Hpca",1.10471478170301e-33,-0.899377947545359,0.755,0.857,2.14193149024396e-29
"Zdhhc22",1.25139549112318e-33,-0.69835517616756,0.62,0.857,2.42633071773872e-29
"Slc30a3",2.07644301011631e-33,-1.42678392435389,0.116,0.341,4.02601535231451e-29
"Cck",6.14224798412794e-33,-1.98109377404945,0.695,0.651,1.19092046164257e-28
"Tpbg",1.2555961365278e-32,0.51676003191573,0.253,0.06,2.43447534911376e-28
"Wnt5a",1.98454494009996e-32,0.627678490584523,0.313,0.088,3.84783418435982e-28
"Trp53i11",6.61896016702259e-32,-1.38409235721479,0.165,0.389,1.28335018678401e-27
"Fndc5",8.10279225702952e-32,-0.967726762542211,0.207,0.406,1.57105039071545e-27
"Abat",1.39962293978187e-31,0.613151495393614,0.77,0.476,2.71372891794306e-27
"Lmo4",1.83613507944985e-31,-0.551400111290392,0.961,0.995,3.56008230554531e-27
"Lmo3",2.39352780872467e-31,0.294003860461126,0.99,0.8,4.64081106833627e-27
"Nptxr",5.92492238050119e-31,-1.29203147936826,0.747,0.721,1.14878320035538e-26
"Tmem108",8.63456804514501e-31,-0.84846642490974,0.429,0.596,1.67415639827317e-26
"Sparcl1",1.71214924353515e-30,0.43165253950328,1,0.973,3.3196861682903e-26
"Lamp5",4.09521498636338e-30,1.03334369991996,0.37,0.178,7.94021233705997e-26
"Caln1",4.22646113079579e-30,0.562051779977998,0.974,0.891,8.19468548649996e-26
"Rgma",6.63280979223733e-30,0.532167691448478,0.351,0.12,1.2860354906169e-25
"Sept4",7.48860103433522e-30,0.531107754799035,0.817,0.542,1.45196485454726e-25
"Galnt17",8.84673563460413e-30,-0.826953067611927,0.45,0.608,1.7152935721934e-25
"Dnajb1",3.13953341364224e-29,0.880365304583376,0.886,0.793,6.08724133571094e-25
"Etl4",3.8060362244128e-29,-0.466044916278182,0.716,0.916,7.37952363551398e-25
"Fam19a1",4.63860185267504e-29,1.10199626047744,0.357,0.257,8.99378513215163e-25
"Stxbp6",5.06143180703005e-29,1.40054665923547,0.344,0.161,9.81361013065056e-25
"Zfp703",9.09336086200201e-29,0.801862752157323,0.395,0.228,1.76311173753357e-24
"Auts2",1.09320557564298e-28,-0.773557408173229,0.814,0.798,2.11961629061418e-24
"Egr4",1.36208267452232e-28,1.1090699346235,0.824,0.65,2.64094209763132e-24
"Cnr1",1.74253893810769e-28,-0.934978230344996,0.55,0.52,3.378608747097e-24
"Ptk2b",1.81281187200433e-28,0.383198481976998,1,0.956,3.5148609386292e-24
"Adcyap1r1",1.86594051784921e-28,-0.933396581841958,0.24,0.441,3.61787207005782e-24
"Atp1b2",2.14034821245787e-28,-1.05683534379786,0.287,0.471,4.14992114913456e-24
"B3galt5",2.66218903097057e-28,0.420356289657573,0.385,0.154,5.16171831214884e-24
"Marcks",3.06913474604233e-28,-0.418840654079091,0.99,0.993,5.95074535910147e-24
"Tmem47",3.42763998684621e-28,0.795287676520246,0.45,0.27,6.64585117049612e-24
"Grin3a",4.09474000732607e-28,-1.07035314089091,0.054,0.267,7.93929140020453e-24
"Rimbp2",5.83280844093339e-28,-0.733101754039687,0.69,0.665,1.13092322861257e-23
"Kif26a",9.79677930262954e-28,0.466525563564129,0.251,0.066,1.89949753898684e-23
"Rims3",1.49726675973102e-27,-0.857974738174833,0.279,0.428,2.90305052044247e-23
"Gadd45b",2.54481666316778e-27,1.04480904143088,0.788,0.564,4.93414502821601e-23
"Bend7",2.56160224711202e-27,0.49662664407821,0.196,0.04,4.9666905969255e-23
"Reln",2.88523822280318e-27,0.609420151737428,0.171,0.029,5.59418839019309e-23
"Dusp1",3.80352527552161e-27,0.828056876472936,0.904,0.739,7.37465515670885e-23
"Bok",5.10950693213839e-27,-1.05947767810782,0.253,0.459,9.90682299072313e-23
"Ppp1r2",7.06939304821089e-27,0.47076691838509,0.995,0.967,1.37068461811761e-22
"6430548M08Rik",7.79854945962782e-27,-0.594407575684807,0.682,0.649,1.51206075472724e-22
"Ppm1h",7.98588212259244e-27,-0.662869750441276,0.607,0.669,1.54838268474945e-22
"Slc24a3",1.21588984576574e-26,-1.07545462697402,0.129,0.309,2.35748882195518e-22
"Ldhb",1.30464153944381e-26,0.529325198116716,0.987,0.931,2.52956948082759e-22
"Sdcbp",1.89668067407533e-26,0.369749914618241,0.997,0.969,3.67747415896466e-22
"Cpne5",1.97378145612936e-26,-1.0211931502683,0.24,0.447,3.82696486528921e-22
"Rtn1",4.01546921837394e-26,0.259908532118771,1,1,7.78559326750523e-22
"Oma1",6.00457793760174e-26,0.54396584401334,0.271,0.083,1.1642276163216e-21
"Nrsn1",9.43121200277811e-26,-0.856186296215542,0.987,0.969,1.82861769521865e-21
"Glra3",1.17471102127997e-25,0.549899696458383,0.514,0.253,2.27764719915973e-21
"Ednra",1.7342870460198e-25,0.297162834481344,0.134,0.021,3.36260915352778e-21
"Lrp1b",2.30713233932465e-25,-0.5925293615642,0.848,0.934,4.47329889271656e-21
"Fhl1",2.86615587259679e-25,-0.798229382075424,0.22,0.392,5.55718962137792e-21
"Prkcg",3.10745587540415e-25,0.45190057072887,0.995,0.964,6.02504619682111e-21
"Wnt4",3.60601690052438e-25,-0.919512610373846,0.209,0.365,6.99170616842672e-21
"Arpc1a",5.6089689677134e-25,0.398030499977484,0.995,0.96,1.08752299314995e-20
"Rab8b",5.95356548343709e-25,0.696062707238316,0.674,0.46,1.15433681158362e-20
"Robo1",1.11024645891593e-24,0.657499710419938,0.602,0.363,2.15265685919209e-20
"Fam49a",1.1404723523545e-24,0.325484507914368,0.997,0.957,2.21126184398014e-20
"Npr3",2.22926257055747e-24,0.646154173376856,0.45,0.21,4.32231719805387e-20
"Epha4",3.18925544309279e-24,-0.610780351888105,0.922,0.822,6.18364737861261e-20
"Eid1",4.03977011575406e-24,-0.274161176364528,0.997,0.995,7.83271027743555e-20
"Pcdh19",5.1693074111845e-24,0.356836846029198,0.842,0.596,1.00227701395456e-19
"Gadd45g",5.36639944117068e-24,0.901535665530178,0.897,0.766,1.04049118764858e-19
"Tmem150c",6.03582565695067e-24,0.516569600350692,0.829,0.612,1.17028623662617e-19
"Cdh6",6.21930811169922e-24,0.50706349364676,0.628,0.363,1.20586164977736e-19
"Ephb1",6.80911286635481e-24,0.481658794007268,0.558,0.299,1.32021889365753e-19
"Gria4",6.83137897453038e-24,-0.649585173324083,0.455,0.555,1.3245360693717e-19
"Pde4b",7.07287129145262e-24,-0.601823038073406,0.623,0.703,1.37135901469975e-19
"Dnajc21",8.71189647914548e-24,-0.662783828981617,0.579,0.582,1.68914960834152e-19
"Sdhb",1.15013974415966e-23,0.417683900983552,0.977,0.9,2.23000594995117e-19
"Cnih3",1.23503086219789e-23,-0.543769330586726,0.809,0.771,2.39460133871549e-19
"Hcn1",2.07209224433265e-23,0.572145175959934,0.935,0.822,4.01757965253658e-19
"Prkca",2.66264969799061e-23,-0.732440118838665,0.576,0.666,5.162611499434e-19
"Phlda3",3.3382016231917e-23,-0.715518758788541,0.504,0.628,6.47243912720639e-19
"Npas4",3.50932293386593e-23,0.799813804775778,0.806,0.675,6.80422623647266e-19
"C530008M17Rik",4.64524721809382e-23,-0.568673898608151,0.517,0.624,9.00666983116211e-19
"Gnai1",5.7818296251139e-23,0.341718023450455,0.997,0.974,1.12103894601333e-18
"Diaph2",6.57785592844156e-23,0.589898968598304,0.623,0.377,1.27538048596553e-18
"Hrk",6.78699179216e-23,0.43560781171184,0.93,0.757,1.3159298385819e-18
"Tcerg1l",7.18632311847324e-23,0.661473304345912,0.245,0.077,1.39335618944078e-18
"Slc25a3",7.60588763584768e-23,0.41013991990656,0.997,0.986,1.47470555371451e-18
"Rmst",8.09252211360807e-23,-0.974470166143478,0.103,0.288,1.56905911260747e-18
"Arpc5",8.76437052921917e-23,0.351548082916825,0.99,0.941,1.6993238019103e-18
"C130074G19Rik",1.38285462924903e-22,-0.607737705930221,0.036,0.209,2.68121684065094e-18
"Fez1",1.47404747581351e-22,0.396374371935846,0.984,0.93,2.85803065085482e-18
"Kcng2",1.62637794410107e-22,0.369784824989984,0.271,0.094,3.15338419581756e-18
"Hsp90ab1",1.71408376479109e-22,0.447512128875604,1,0.999,3.32343701155344e-18
"Per3",2.35348961743428e-22,-0.573908426902698,0.568,0.665,4.56318101924333e-18
"Gng7",2.93114825266825e-22,0.551240636619572,0.313,0.12,5.68320334709847e-18
"Slc1a2",4.03181616669172e-22,-0.514996974187929,0.956,0.943,7.81728836559858e-18
"Ppp1r1b",4.12582940985121e-22,0.385927603705065,0.773,0.526,7.9995706427605e-18
"Tox3",7.75476902817277e-22,0.356305629474177,0.372,0.172,1.50357216687242e-17
"Fat3",1.03167064077527e-21,-0.581664240111018,0.587,0.562,2.00030620539916e-17
"Adgra1",1.07982980074373e-21,0.296512901955163,0.972,0.818,2.09368200066202e-17
"Cdc42ep3",1.59588208683465e-21,0.567374888534667,0.77,0.533,3.09425577816369e-17
"Igfbp6",2.13954932950299e-21,-1.22501559921077,0.214,0.4,4.14837219497334e-17
"Ablim2",2.15250139066884e-21,-0.556708298439435,0.698,0.731,4.17348494636781e-17
"Irs2",2.24140252114813e-21,0.549532797416357,0.68,0.434,4.34585534825411e-17
"Cacna1h",2.25424520613584e-21,0.640725285150684,0.393,0.207,4.37075603017677e-17
"Gm26604",2.31444095760044e-21,0.294344982604798,0.106,0.013,4.48746957269149e-17
"Gdpd5",2.67336420904804e-21,0.383352697131765,0.61,0.364,5.18338586492325e-17
"Sncb",2.81575823781364e-21,-0.269588530254414,1,0.995,5.45947364729687e-17
"Gng2",3.82766309260702e-21,-0.398002699447535,0.982,0.979,7.42145597025575e-17
"Fhod3",4.65548881020459e-21,-0.532566155167426,0.282,0.378,9.02652725410567e-17
"Prune2",4.73403411893448e-21,-0.442056286371795,0.873,0.892,9.17881875320206e-17
"Rspo2",4.84788468092352e-21,-0.635491795546064,0.375,0.507,9.39956360784261e-17
"Ctsb",5.05277870480438e-21,0.324534300000115,1,0.986,9.79683263074522e-17
"BC030499",5.11429401359605e-21,-0.867489147375222,0.189,0.344,9.91610466296138e-17
"Nos1ap",5.38034047026457e-21,0.355794612278078,0.984,0.929,1.0431942137796e-16
"Actg1",5.74655486348596e-21,0.258483457635186,1,0.998,1.11419952248129e-16
"Ndrg2",6.421137041651e-21,0.363049091937572,0.468,0.247,1.24499426100571e-16
"Atp5b",8.16731700840643e-21,0.425530973719795,0.997,0.988,1.58356109475992e-16
"Kcnv1",9.65384289332845e-21,-0.596119082659788,0.465,0.57,1.87178359858745e-16
"Fam131a",1.06091600071087e-20,0.39659133166589,0.992,0.966,2.05701003377831e-16
"Vgll3",1.08067519939069e-20,0.404710178476915,0.238,0.075,2.09532114409861e-16
"Hebp1",1.08778532834309e-20,0.299523407760419,0.855,0.634,2.10910697312441e-16
"Rasgef1b",1.25698913553811e-20,-0.496274739116078,0.664,0.751,2.43717623489484e-16
"6330403K07Rik",1.30969370642546e-20,-0.410322881629485,0.995,0.992,2.53936512738832e-16
"Ryr3",1.35290235155332e-20,0.374739010246156,0.811,0.579,2.62314236942674e-16
"Unc5d",1.38240099245988e-20,-0.732811402682155,0.059,0.238,2.68033728428046e-16
"Zfp941",1.57002204217529e-20,-0.671761026621181,0.127,0.316,3.04411573757367e-16
"Kcnip2",1.69704780106819e-20,-0.684649694230287,0.3,0.436,3.29040598149112e-16
"Slc25a4",1.81613162039522e-20,0.408614374396686,1,0.993,3.52129759878428e-16
"Tns1",2.1781781691727e-20,0.376026412753454,0.147,0.03,4.22326965220895e-16
"Slc25a5",2.18813159023659e-20,0.44029568035208,0.959,0.857,4.24256834030972e-16
"Pcdh9",2.58143461825854e-20,-0.29541820866759,0.866,0.969,5.00514358134148e-16
"Cav2",2.62766626098736e-20,-0.564497303266807,0.556,0.673,5.09478211342838e-16
"Hrh1",2.6676647162531e-20,-0.576279258280041,0.088,0.242,5.17233511834314e-16
"Stk39",3.27121096374434e-20,0.461168206200812,0.85,0.692,6.3425509376039e-16
"Tmem91",3.30378532270132e-20,0.315358577214119,0.726,0.492,6.40570936218558e-16
"1500009L16Rik",3.30900894971899e-20,-0.603705515411887,0.37,0.461,6.41583745261015e-16
"Sorcs3",3.31359446807605e-20,-0.896452064273872,0.227,0.371,6.42472831415266e-16
"Htr2a",3.41163420856533e-20,-0.745097234446509,0.039,0.186,6.61481756698733e-16
"Ppfia2",5.22745130241178e-20,0.608151406450892,0.827,0.711,1.01355053302462e-15
"Dact2",5.5098645572935e-20,-0.591587131717337,0.147,0.286,1.06830763901364e-15
"Mdh2",5.51739258381813e-20,0.449440636317065,0.987,0.93,1.0697672480765e-15
"Plch2",6.49256046762486e-20,-0.641960095253546,0.134,0.284,1.25884254906778e-15
"Rxfp1",6.6430132001426e-20,-1.20954534111987,0.264,0.406,1.28801382937565e-15
"Clmp",7.08415801208453e-20,-0.557762560767385,0.018,0.16,1.37354739696307e-15
"Col25a1",7.58193402410557e-20,-0.777459695444082,0.22,0.384,1.47006118793383e-15
"Herc6",8.77325840526776e-20,-0.658666698845785,0.186,0.344,1.70104707219737e-15
"Gria3",1.12682274247949e-19,0.364463566243842,0.992,0.978,2.18479661539349e-15
"Doc2b",1.31508184555931e-19,0.462268190933658,0.183,0.05,2.54981219035494e-15
"Atp8a1",1.34780389027279e-19,-0.38301671220658,0.982,0.976,2.61325696284992e-15
"Galnt9",1.45377217897911e-19,0.341082939524549,0.953,0.816,2.8187188778226e-15
"Sec14l1",1.53729212126207e-19,0.544049140355213,0.866,0.718,2.98065569391503e-15
"Rhbdl3",1.87929211816465e-19,0.493758866103185,0.253,0.088,3.64375948790944e-15
"Cct4",2.12747350784668e-19,0.425128318384217,0.928,0.801,4.12495838436392e-15
"Itgb8",2.19372826857229e-19,-0.618865881174223,0.14,0.284,4.25341973993481e-15
"Cdkl4",2.30181970553911e-19,0.575192617855736,0.509,0.293,4.46299822706979e-15
"Psma4",2.33219247774878e-19,0.488765206325087,0.894,0.796,4.52188799510711e-15
"Cacng2",2.48104755421071e-19,-0.530562004298131,0.685,0.812,4.81050310285915e-15
"Pou3f2",2.5024605760719e-19,-0.711158670438211,0.054,0.216,4.8520208109458e-15
"Khdrbs2",2.9380977173728e-19,0.489764979890672,0.811,0.608,5.69667766421412e-15
"Ifi27",3.52962984417215e-19,0.488238041681211,0.76,0.529,6.84359930486539e-15
"Atp5c1",3.8472510406936e-19,0.304600043420172,1,0.98,7.45943504280083e-15
"Rasl10a",4.14308128743123e-19,-0.528273812098372,0.783,0.692,8.03302030820041e-15
"Tmem158",5.06832713621208e-19,-0.472818482196295,0.804,0.85,9.8269794844016e-15
"Got1",5.25439231420076e-19,0.321686015199925,1,0.98,1.01877412580038e-14
"Osbpl1a",1.02176845743796e-18,-0.371120212097674,0.974,0.98,1.98110686212647e-14
"Pam",1.02800340937083e-18,-0.713295592653932,0.519,0.618,1.9931958104291e-14
"Il1rapl2",1.05393033644766e-18,-0.465145510862647,0.01,0.136,2.04346552933838e-14
"Zeb1",1.09049365458156e-18,0.302007933173283,0.563,0.344,2.1143581468682e-14
"Slc2a13",1.23820442332285e-18,-0.561494192210719,0.473,0.514,2.40075455638068e-14
"Hecw1",1.33752588251145e-18,-0.387048433656886,0.964,0.96,2.59332893360146e-14
"2900055J20Rik",1.36319341997577e-18,-0.635170540588862,0.62,0.658,2.64309572199102e-14
"Anp32a",1.4654202886929e-18,0.332264486565057,0.997,0.976,2.84130339774666e-14
"Vegfd",1.58946413535235e-18,-0.832312890395388,0.096,0.227,3.08181201203468e-14
"Tspan17",1.5956802674325e-18,-0.444065926186688,0.517,0.537,3.09386447052488e-14
"Fgfr1op2",1.66755002873926e-18,-0.367381521339255,0.959,0.946,3.23321275072256e-14
"Sccpdh",1.9416174350515e-18,-0.635885820449128,0.527,0.563,3.76460204482136e-14
"Sugt1",1.94746892059492e-18,0.331569772696616,0.984,0.92,3.77594749014149e-14
"Atp5f1",2.19253650286029e-18,0.323423503774134,1,0.985,4.25110902539582e-14
"Epha7",2.5738672312825e-18,0.396298945333088,0.881,0.694,4.99047117473363e-14
"Alcam",3.40928196289612e-18,-0.925468874718948,0.553,0.64,6.61025679785929e-14
"Ly6e",3.5696144239947e-18,-0.410857967079255,0.907,0.927,6.92112540668333e-14
"Ubb",3.77395892154769e-18,0.460380477804104,1,0.996,7.31732895298881e-14
"Tusc3",4.0007354426403e-18,0.370333375974849,0.99,0.957,7.75702594973528e-14
"Hspa8",4.00543501144987e-18,0.551365421475447,0.997,0.995,7.76613794370016e-14
"Olfm3",4.11248696851473e-18,-0.777063335825055,0.478,0.6,7.97370098325321e-14
"Ano4",4.4625184050095e-18,0.323643482341523,0.434,0.235,8.65237693547293e-14
"Zfhx3",4.7292782652468e-18,0.25753333733943,0.406,0.222,9.16959762848703e-14
"Pgbd5",5.23895944789235e-18,-0.481650814135559,0.871,0.86,1.01578184735185e-13
"Psmd6",5.7042291201393e-18,0.48309114229012,0.829,0.646,1.10599298410381e-13
"Tmem196",6.28283979425612e-18,-0.368344272094311,0.442,0.417,1.21817980770832e-13
"Fam19a2",6.56841097274997e-18,0.440685896670643,0.328,0.146,1.27354920350649e-13
"Prpf19",6.57092127901625e-18,0.375785824527929,0.915,0.775,1.27403592678846e-13
"Uqcrc2",7.61509625389905e-18,0.4704733010731,0.941,0.854,1.47649101266849e-13
"Mas1",7.94182283213699e-18,0.265210057695581,0.442,0.251,1.53984002892304e-13
"Nrip1",8.04855482808386e-18,0.531749614811792,0.884,0.748,1.56053429561718e-13
"Gpr161",8.5850430488334e-18,0.250392817990192,0.119,0.023,1.66455399673831e-13
"Rcan2",9.24468520679008e-18,-0.819286414514742,0.612,0.649,1.79245201474453e-13
"Lrpap1",9.83648998831635e-18,0.332298730295448,0.99,0.915,1.90719704383466e-13
"Zfp462",1.39595519725315e-17,0.485704884807056,0.411,0.208,2.70661753195414e-13
"Pcdh8",1.40355039439041e-17,0.625276011870922,0.359,0.17,2.72134385968356e-13
"Bcl2",1.4807249961599e-17,0.364458481512393,0.819,0.609,2.87097769505443e-13
"Bend5",1.48833259704485e-17,0.511838057237437,0.574,0.365,2.88572807241026e-13
"Tmcc2",1.51208297843091e-17,-0.495093443875764,0.346,0.436,2.93177768687969e-13
"Ndrg1",1.55378846576633e-17,0.578742055200804,0.432,0.228,3.01264045627433e-13
"Kcnh1",1.5641419090014e-17,-0.570935269061362,0.473,0.636,3.03271474736282e-13
"Tox2",1.80300589352048e-17,0.479513567765825,0.509,0.291,3.49584812694686e-13
"Hrh3",2.26547101713464e-17,-0.692538227343739,0.364,0.426,4.39252175512235e-13
"Fmnl1",2.2757808461777e-17,-0.505378287970569,0.326,0.429,4.41251148265395e-13
"Marcksl1",2.38852355017515e-17,-1.30886039466467,0.096,0.226,4.6311083114346e-13
"Stk17b",2.42567761389335e-17,0.29591809998168,0.111,0.019,4.70314632557782e-13
"Rwdd2a",2.50528664032659e-17,0.461401613653319,0.811,0.608,4.85750026692922e-13
"Trpc4",2.90989677817026e-17,0.34524949149586,0.274,0.113,5.64199886319432e-13
"Rnf152",2.9107499910893e-17,-0.372086101019398,0.576,0.499,5.64365315772305e-13
"Calb1",3.22912552841186e-17,-1.07921469468251,0.041,0.171,6.26095148703775e-13
"Nectin1",3.31736964814921e-17,-0.67853619104832,0.07,0.227,6.4320480107965e-13
"Gde1",3.88091934739805e-17,0.316095257725091,0.997,0.979,7.52471452267008e-13
"Mark1",3.94734524473534e-17,-0.366034620670771,0.693,0.704,7.65350769501735e-13
"Cpne9",4.17532537700957e-17,-0.581612534512273,0.026,0.152,8.09553837348386e-13
"Prdx2",4.56118265750893e-17,0.303305938970877,0.995,0.975,8.84367705464405e-13
"Ccni",5.38976080715898e-17,-0.313935605785787,0.941,0.914,1.04502072290005e-12
"Lpl",5.94738830258062e-17,-0.77580327974622,0.008,0.121,1.15313911798736e-12
"Rora",6.0341071559593e-17,-0.580850917574699,0.429,0.443,1.16995303646895e-12
"Shank2",6.07552988320958e-17,-0.293338754224842,0.76,0.717,1.17798448905551e-12
"Gnb4",6.94995985315271e-17,-0.598821820225302,0.39,0.449,1.34752771592778e-12
"Tesc",6.98462580449151e-17,-0.747065669952384,0.656,0.654,1.35424909723286e-12
"Adra1a",7.25785148890761e-17,0.261782000204756,0.401,0.225,1.4072248251843e-12
"Limch1",7.75471295576377e-17,-0.564366839395883,0.163,0.299,1.50356129499304e-12
"Ankrd34b",8.42869478843213e-17,0.529454789673824,0.362,0.185,1.63423963252911e-12
"Cadm1",8.64443457360683e-17,0.33079092787303,1,0.994,1.67606941947663e-12
"Epha10",8.75738989953729e-17,0.547584556078893,0.47,0.276,1.69797032762129e-12
"Ndn",1.10561482846108e-16,0.489743053765214,0.995,0.976,2.14367659090318e-12
"March1",1.12652999935535e-16,-0.435234396888628,0.674,0.691,2.18422901575009e-12
"Lcorl",1.22905030278236e-16,-0.550299653069032,0.437,0.442,2.38300563206472e-12
"Dnaja1",1.29693217644918e-16,0.297063885530948,1,0.996,2.51462179691731e-12
"Chn2",1.31701552421723e-16,-0.728625460400674,0.199,0.324,2.55356139990478e-12
"Cib2",1.33912392194052e-16,-0.537168300138784,0.548,0.685,2.59642737225048e-12
"Etfb",1.58989946303681e-16,0.262480600944069,0.638,0.433,3.08265606888206e-12
"Mdh1",1.60635517738907e-16,0.35306792484777,1,0.988,3.11456205343967e-12
"Hagh",1.64920526917613e-16,0.32699510405533,0.966,0.861,3.19764409640561e-12
"Ptprt",1.75429094849151e-16,-0.71294927276897,0.579,0.628,3.4013947200302e-12
"Pdia6",1.83215955667391e-16,0.351675484223668,0.897,0.725,3.55237416443504e-12
"Gnb5",1.87661042106185e-16,0.318183525044037,0.974,0.9,3.63855994539683e-12
"Nyap2",1.92035780852185e-16,-0.382217945932731,0.602,0.576,3.72338175494301e-12
"6430573F11Rik",1.96684072998622e-16,0.50634300760681,0.225,0.093,3.81350749137027e-12
"Pdp1",2.05362154671073e-16,-0.34593151790005,0.677,0.649,3.98176681691743e-12
"Gm26917",2.05694782892895e-16,-0.566320024029493,0.86,0.899,3.98821614551034e-12
"Zmiz1",2.15727962520204e-16,-0.403482258771011,0.899,0.913,4.18274946530424e-12
"Pmepa1",2.16507359440891e-16,-0.28684145546036,0.796,0.737,4.19786119219943e-12
"Itm2b",2.28687668318294e-16,0.433236242660335,0.997,0.993,4.4340252010234e-12
"Rraga",2.40017767065232e-16,0.385891450302119,0.969,0.904,4.65370448562778e-12
"Faah",2.62414404719713e-16,-0.329704227833465,0.757,0.734,5.08795289311052e-12
"Plxna4",2.76209275144802e-16,-0.430563282818387,0.661,0.624,5.35542163578257e-12
"Dkkl1",2.87595429937471e-16,-0.750097057165928,0.186,0.306,5.57618779105763e-12
"Csmd3",2.95555274800592e-16,-0.355450278324922,0.76,0.745,5.73052122310868e-12
"Uqcrc1",3.15579294736088e-16,0.400037229588782,0.941,0.856,6.11876694563802e-12
"Raver2",3.53501733614182e-16,0.326008050301488,0.145,0.037,6.85404511304537e-12
"Unc13b",3.78566166152229e-16,-0.37323377861898,0.543,0.536,7.34001939552556e-12
"Spr",3.82893772227979e-16,0.301412533291239,0.809,0.606,7.42392734972828e-12
"Golga7b",3.85661913741059e-16,-0.329835434648098,0.879,0.864,7.4775988455254e-12
"Chst11",3.90612940821171e-16,-0.525038214236429,0.276,0.364,7.57359430958169e-12
"Kras",4.09789535756471e-16,0.32265271112486,0.979,0.945,7.94540930878221e-12
"Cd55",4.23138765729509e-16,0.387947738927874,0.183,0.064,8.20423752872944e-12
"1700019D03Rik",4.35066683320951e-16,0.264780320725868,0.731,0.525,8.43550792290992e-12
"Arc",4.93428195562756e-16,0.627646979410249,0.832,0.785,9.56707928376628e-12
"Tuba1a",5.94565133603227e-16,0.562622570068569,0.997,0.989,1.1528023375433e-11
"Dstyk",6.03237838500548e-16,-0.286059344727479,0.628,0.607,1.16961784506871e-11
"Akap7",6.07543506564301e-16,0.294695737895984,0.881,0.7,1.17796610487752e-11
"Rnf128",6.55994479058035e-16,0.38750946904315,0.543,0.332,1.27190769544562e-11
"Klhdc8a",6.60285918732569e-16,-0.556494906851294,0.124,0.222,1.28022836783058e-11
"Nr3c2",7.29914057441253e-16,0.496071910340187,0.341,0.163,1.41523036597285e-11
"Cited2",7.85262899742531e-16,-0.689848957262105,0.517,0.602,1.52254623631079e-11
"Ndufv1",9.29929727017226e-16,0.396820199708676,0.938,0.845,1.8030407477137e-11
"Sorl1",1.00477407883394e-15,0.379203899568949,0.982,0.895,1.94815646145114e-11
"Stmn4",1.02152398788722e-15,0.270502342358824,1,0.989,1.98063286011454e-11
"Sertad1",1.10145119010455e-15,0.544839522888261,0.543,0.346,2.13560371249372e-11
"Nav2",1.10989496327637e-15,-0.385236956416874,0.881,0.922,2.15197534429655e-11
"Cuedc2",1.15809043875656e-15,0.354953849210415,0.964,0.875,2.24542155170508e-11
"Cux2",1.2320292471191e-15,-0.965165435526828,0.016,0.124,2.38878150723921e-11
"Plcb4",1.28090395921323e-15,0.379879532189499,0.85,0.671,2.48354468651854e-11
"Edil3",1.42934694045875e-15,-0.54475459835949,0.519,0.505,2.77136078285547e-11
"Cacng3",1.44781681406476e-15,-0.346062508002466,0.713,0.688,2.80717202079017e-11
"Synpr",1.54063220689895e-15,-1.31714061671777,0.08,0.176,2.98713178595637e-11
"Ralyl",1.66870440623276e-15,0.25979234832151,0.987,0.925,3.2354509732447e-11
"Btg2",1.78376887524529e-15,0.708756036539705,0.848,0.745,3.4585494722131e-11
"Ndufa9",1.86987097560833e-15,0.395507211558215,0.814,0.637,3.62549283460699e-11
"Kcnn2",1.98648762336987e-15,0.557378602740805,0.61,0.488,3.85160085295184e-11
"Psmc2",2.07261929362704e-15,0.450688863187112,0.863,0.72,4.01860154841348e-11
"Sgsm2",2.22229049353971e-15,-0.417976618654622,0.488,0.559,4.30879903792415e-11
"Selenoh",2.28666227712787e-15,-0.326183559637924,0.899,0.879,4.43360948912322e-11
"Clip4",2.3013590619302e-15,0.279160242006637,0.724,0.519,4.46210508517647e-11
"Psmd14",2.39656861065487e-15,0.423614010348525,0.881,0.757,4.64670687919873e-11
"Rgs9",2.46141030582653e-15,0.322084051096107,0.605,0.399,4.77242844196706e-11
"Ssb",2.48425232032742e-15,0.311750053920296,0.987,0.936,4.81671682388283e-11
"Sdc3",2.58749978442842e-15,-0.404618770266825,0.659,0.671,5.01690333202826e-11
"Myo1b",2.66803726049517e-15,-0.393783537343092,0.01,0.114,5.17305744437409e-11
"Wfs1",2.71257862078215e-15,0.364079567262322,0.545,0.337,5.25941868783451e-11
"Gng4",2.72433913008711e-15,-0.556164867269705,0.238,0.351,5.28222113932589e-11
"Ptgfrn",2.75531763261603e-15,-0.540212151759504,0.028,0.144,5.34228535787922e-11
"Tubb4b",2.80087744103176e-15,0.472848432359938,0.951,0.897,5.43062127041648e-11
"Pim3",2.8283274750626e-15,0.377913491260808,0.643,0.432,5.48384414139887e-11
"Tanc1",3.27669137175261e-15,0.406376492047271,0.189,0.062,6.35317690069113e-11
"Prmt1",3.84369789855249e-15,0.418078774694254,0.824,0.672,7.45254585550343e-11
"Cdk17",4.00942892222999e-15,0.418378676147031,0.979,0.905,7.77388173731173e-11
"Nr4a2",4.10682480507966e-15,0.885700873693119,0.532,0.374,7.96272261456896e-11
"Tspan33",4.3108624327888e-15,0.251765872766669,0.765,0.569,8.3583311709342e-11
"Fosl2",4.37688768911424e-15,0.494217517399845,0.486,0.285,8.48634754042361e-11
"Scube1",4.42338097332953e-15,-0.594445165399816,0.171,0.277,8.57649336918862e-11
"Cct8",4.48808027146128e-15,0.40485490559041,0.953,0.882,8.70193883833627e-11
"Arhgef25",4.68830125606939e-15,-0.425483056228903,0.755,0.857,9.09014730539293e-11
"Slc26a4",5.02971954646276e-15,-0.484877626949959,0.039,0.164,9.75212322863664e-11
"Cntfr",5.17649334018362e-15,0.473181155563201,0.509,0.313,1.0036702937282e-10
"Fam149a",5.28069428123372e-15,-0.32075137046905,0.16,0.225,1.02387381418841e-10
"D1Ertd622e",5.53536518236174e-15,-0.432258475621707,0.677,0.733,1.07325195520812e-10
"Arl6ip5",5.61797049110221e-15,-0.390896164926793,0.889,0.881,1.08926829851981e-10
"Akap9",5.64249854737045e-15,0.329644680259417,0.961,0.874,1.09402404334966e-10
"Sytl2",5.67586001160088e-15,-0.40928241050447,0.576,0.603,1.1004924976493e-10
"Atp5a1",5.70382998712503e-15,0.298361040138125,0.997,0.988,1.10591559620367e-10
"Speg",5.86991957457864e-15,-0.288902158330654,0.623,0.615,1.13811870631505e-10
"Kirrel3",5.89289018239455e-15,0.397052993975713,0.266,0.114,1.14257247746448e-10
"Car4",6.09519731029181e-15,-0.535616395966599,0.039,0.154,1.18179780649248e-10
"Cbln2",6.3236137741527e-15,-0.976293754121567,0.251,0.363,1.22608547467047e-10
"Rnf144a",6.36517186619314e-15,-0.511453524577016,0.124,0.261,1.23414317313619e-10
"Arsj",6.45357039926602e-15,-0.406493580450705,0.01,0.11,1.25128276471369e-10
"Cda",6.76885315824152e-15,0.30311703512458,0.171,0.053,1.31241293885145e-10
"Nudt4",7.67374194743972e-15,-0.403175701086891,0.866,0.837,1.48786182618909e-10
"Kcnk2",8.17178933563686e-15,-0.680088627859456,0.39,0.493,1.58442823428663e-10
"Serf1",9.49038131460976e-15,-0.315720771989494,0.742,0.749,1.84009003308969e-10
"Rsph9",1.06051449639528e-14,0.25052425157738,0.641,0.448,2.05623155706081e-10
"Rprml",1.1033554464218e-14,0.258448377745975,0.997,0.954,2.13929587506722e-10
"Dusp18",1.12747383459896e-14,-0.460626374085439,0.491,0.531,2.18605901790392e-10
"Ptn",1.25920432592224e-14,-0.713929228910382,0.729,0.716,2.44147126753062e-10
"Atxn10",1.281479263121e-14,0.361177569013471,0.956,0.904,2.4846601432653e-10
"Aldh2",1.29524992199513e-14,0.431801548583436,0.643,0.44,2.51136007375635e-10
"Dcdc2a",1.3624778970027e-14,0.298583269080508,0.282,0.131,2.64170839449853e-10
"Banp",1.40021909502024e-14,-0.481705006696379,0.336,0.413,2.71488480333474e-10
"Far2",1.41666253795734e-14,0.341810210955563,0.535,0.334,2.74676699484548e-10
"Rgs8",1.41803840473605e-14,-0.541064209028645,0.248,0.342,2.74943466294272e-10
"Coprs",1.4944648149563e-14,-0.337602700321343,0.685,0.708,2.89761782971877e-10
"Ntng1",1.58463003955175e-14,0.737554474204014,0.38,0.254,3.07243918368689e-10
"Fosb",1.87506279091822e-14,0.586090375955438,0.863,0.803,3.63555924531133e-10
"Cct7",1.9065424737999e-14,0.41952043533142,0.93,0.835,3.69659520245062e-10
"Ttc28",1.92909785286272e-14,-0.537286857508135,0.078,0.216,3.74032782691553e-10
"Ypel2",2.0045787690092e-14,-0.420032534722989,0.599,0.652,3.88667777523194e-10
"Vdac3",2.11047220106809e-14,0.287704467967237,0.992,0.966,4.09199455065092e-10
"Mgat5b",2.14753399607944e-14,-0.377952869335291,0.388,0.422,4.16385366499843e-10
"Tiparp",2.55936676650602e-14,0.702992420689821,0.393,0.231,4.96235622357853e-10
"Cpne4",3.1051574576662e-14,-0.681585031170827,0.375,0.437,6.020589794669e-10
"Syn1",3.10842975625126e-14,-0.330696072771487,1,0.992,6.02693445439557e-10
"Oprk1",3.19709502322751e-14,-0.731638701200672,0.01,0.106,6.19884754053581e-10
"Tiprl",3.24375379896697e-14,0.25281741749333,0.956,0.835,6.28931424081707e-10
"Sez6l",3.40698194281966e-14,0.357042390040865,0.964,0.892,6.60579728893303e-10
"Uchl1",3.58293993116375e-14,0.342785272233173,1,0.994,6.94696223253339e-10
"Ctbp2",3.90949534668963e-14,0.416342937759399,0.351,0.18,7.58012052769653e-10
"Gm11549",3.94282377814588e-14,-0.566800166310364,0.398,0.52,7.64474102344705e-10
"Slc4a10",4.02759996016949e-14,0.325070869677528,1,0.983,7.80911356277261e-10
"Aimp2",4.04129671987056e-14,0.282625659276768,0.636,0.438,7.83567021015704e-10
"Wls",4.04707572712879e-14,-0.696361514173155,0.129,0.253,7.84687512733001e-10
"Tcf12",4.20584792135514e-14,-0.427001790195485,0.429,0.503,8.15471853471549e-10
"Etv6",4.36382204074397e-14,-0.465986030175663,0.212,0.284,8.46101455479848e-10
"Tecr",4.68490447215779e-14,0.330574900433614,0.995,0.973,9.08356128106674e-10
"A830082K12Rik",4.69905525337658e-14,-0.366142932280349,0.457,0.49,9.11099823077185e-10
"Kcnip4",4.92745892606913e-14,-0.583370169172882,0.514,0.607,9.55385011175544e-10
"Serpine2",4.93569120794155e-14,0.619628356989336,0.276,0.127,9.56981168307786e-10
"Arhgef28",4.99382327070487e-14,0.409436845241591,0.664,0.472,9.68252393956968e-10
"Ccng1",5.11706906909578e-14,0.478067043232995,0.783,0.635,9.92148521806981e-10
"Sphkap",5.17288730277323e-14,0.496829158932834,0.943,0.861,1.0029711191347e-09
"Ubc",5.5956953674065e-14,0.409104888856028,1,0.985,1.08494937478645e-09
"Nmt2",6.14913175125678e-14,-0.338630462457458,0.889,0.886,1.19225515525118e-09
"Prss12",6.1728495892018e-14,0.310370407054864,0.863,0.695,1.19685380685034e-09
"Cdh12",7.2277370170986e-14,-0.523778501465959,0.142,0.261,1.40138593024525e-09
"Mctp1",8.08571361457906e-14,0.266008208325121,0.948,0.831,1.56773901273073e-09
"Egr2",8.19502987735774e-14,0.651255491215717,0.537,0.373,1.58893434292089e-09
"Marc2",8.27118217503615e-14,-0.287914024189443,0.61,0.594,1.60369951191776e-09
"Gm2464",8.49354434362893e-14,0.251376668288351,0.605,0.414,1.64681331278621e-09
"Prr13",8.50054038282213e-14,-0.259850420053399,0.718,0.676,1.64816977482538e-09
"Psmc3",8.5802368854013e-14,0.384389386876741,0.928,0.848,1.66362212971046e-09
"Slc24a5",8.80658754760385e-14,-0.305891690415076,0.964,0.962,1.70750925960491e-09
"Gpr88",9.32290413874065e-14,-0.868212422348013,0.059,0.158,1.80761788346043e-09
"Ndufs3",9.33426284950411e-14,0.259892245648051,0.959,0.842,1.80982022389035e-09
"Tmem145",9.37621402763004e-14,-0.408869613867896,0.212,0.291,1.81795413781719e-09
"Cnnm1",9.42922106018868e-14,-0.270050181600377,0.809,0.761,1.82823167135998e-09
"Wdr54",1.02270329675969e-13,0.262338378201647,0.486,0.305,1.98291942208736e-09
"Ngb",1.04703815046754e-13,-0.455520874658685,0.013,0.11,2.03010226994151e-09
"Mras",1.12724621299429e-13,-0.287468250575579,0.829,0.803,2.18561768237463e-09
"Kcnc2",1.14598630213679e-13,-0.469257778686945,0.039,0.159,2.22195284121302e-09
"Slitrk1",1.17843780230571e-13,-0.32147976532803,0.886,0.881,2.28487305489053e-09
"Atp6ap2",1.22017311749338e-13,0.310424817116351,0.997,0.981,2.3657936575079e-09
"Kcnc1",1.24007285613071e-13,-0.389228214564318,0.68,0.744,2.40437726075184e-09
"Chst8",1.41034745165492e-13,0.505881535983394,0.289,0.148,2.73452267401372e-09
"Dvl3",1.44904780446327e-13,-0.285535131029409,0.442,0.465,2.80955878807384e-09
"Cxxc5",1.46861212645165e-13,-0.379171483055486,0.817,0.864,2.8474920519771e-09
"2010111I01Rik",1.58611575937864e-13,-0.359460269264935,0.55,0.555,3.07531984585925e-09
"Rilpl1",1.58835516782697e-13,-0.423597768506644,0.385,0.417,3.07966183489972e-09
"Sez6l2",1.70456787331967e-13,-0.291835084816521,0.86,0.838,3.30498664957951e-09
"Cdkn1c",1.72061157635333e-13,-0.720084321327298,0.047,0.151,3.33609378539148e-09
"Zfp30",1.72181387016056e-13,-0.309856232810317,0.408,0.436,3.33842491285431e-09
"Ddost",1.73064635734733e-13,0.299854733265067,0.749,0.558,3.35555022226074e-09
"Rims1",1.84208854902136e-13,-0.284814942171933,0.899,0.875,3.57162548769752e-09
"Slc1a1",1.92652132569697e-13,0.331515443105196,0.829,0.657,3.73533219839385e-09
"Ckb",2.02110835033822e-13,0.334601543595904,0.997,0.988,3.91872698047077e-09
"Dock4",2.03949366448603e-13,-0.427780170207255,0.726,0.712,3.95437426607197e-09
"Cacna1b",2.15934252594254e-13,-0.280320731684648,0.78,0.729,4.18674922354999e-09
"Saraf",2.20816493655743e-13,0.266726360946073,0.987,0.933,4.2814109954912e-09
"Tiam1",2.31867946494485e-13,0.498521470816409,0.698,0.569,4.49568761458156e-09
"Fxyd7",2.38784598755582e-13,-0.306186991461846,0.982,0.983,4.62979458527199e-09
"Junb",2.43019897389258e-13,0.683050525013307,0.992,0.962,4.71191279048032e-09
"Gm2694",2.48034973999661e-13,-0.277246863269999,0.46,0.44,4.80915011087942e-09
"Hmbs",2.50496694053309e-13,-0.526044398302446,0.796,0.759,4.85688040099961e-09
"Ptprd",2.84721084699473e-13,-0.306111660966381,0.995,0.991,5.52045711123808e-09
"Dhrs7",3.05241780835726e-13,0.283225443721062,0.558,0.371,5.9183328886239e-09
"Gm12027",3.11665231029095e-13,-0.491680046824299,0.202,0.285,6.04287716442313e-09
"Pcsk2",3.27199576719874e-13,-0.324235285624844,0.992,0.992,6.34407259302164e-09
"Erc2",3.36741545774747e-13,-0.349828712848149,0.884,0.876,6.52908183102657e-09
"Crtac1",3.63079533470621e-13,-0.374239116473318,0.243,0.26,7.03974907446188e-09
"Snx25",3.69512513714309e-13,0.279362812640185,0.39,0.227,7.16447812840674e-09
"Grik2",3.88024558543219e-13,0.488055794502908,0.672,0.521,7.52340816559447e-09
"Nt5dc3",4.28658454154783e-13,0.428893067838964,0.685,0.499,8.31125876760708e-09
"Ankrd34a",4.74239616646758e-13,-0.336964706955669,0.522,0.571,9.19503192716399e-09
"Mapk4",4.75080726405883e-13,-0.488040612728624,0.072,0.196,9.21134020428366e-09
"Sept9",4.83644848612487e-13,-0.466777784728033,0.527,0.641,9.3773899697475e-09
"Bcl11a",5.05295702936621e-13,-0.362450981238555,0.848,0.929,9.79717838423815e-09
"Lysmd4",5.36674866386478e-13,-0.288425924753472,0.61,0.613,1.04055889843674e-08
"Aamp",5.50525664356121e-13,0.320817742414767,0.935,0.835,1.06741421062008e-08
"C1qbp",5.64478194191917e-13,0.274716079570232,0.93,0.802,1.09446677071871e-08
"D430041D05Rik",5.97825940199537e-13,-0.33810335305687,0.92,0.9,1.15912471545288e-08
"Ctsz",6.16705658997184e-13,0.252613371536613,0.62,0.437,1.19573060222964e-08
"Plpp6",6.18603804687342e-13,0.399644917671439,0.705,0.524,1.19941091690829e-08
"Tubb3",6.29437361321945e-13,0.335962577574041,0.966,0.916,1.22041609986712e-08
"Shisa4",6.35550641357473e-13,-0.252741981316437,1,0.986,1.232269138528e-08
"Gm44257",6.36890077077699e-13,0.35448678059157,0.248,0.109,1.23486617044595e-08
"Ociad1",6.48894790024074e-13,0.258344012284029,0.995,0.962,1.25814210837768e-08
"Cct5",6.57716896613303e-13,0.383654587194518,0.907,0.826,1.27524729084353e-08
"Pitpnc1",6.9665528664449e-13,-0.291460659075992,0.713,0.618,1.350744935275e-08
"C1ql3",7.30682621922368e-13,-0.683452693743652,0.553,0.528,1.41672053564528e-08
"Chd3os",7.3977279154227e-13,-0.295282747903229,0.997,0.989,1.43434546552131e-08
"Cops3",7.73192854472595e-13,0.342531097516406,0.801,0.638,1.49914362553691e-08
"Gm26802",7.74551724507604e-13,-0.563208062429378,0.55,0.595,1.50177833864779e-08
"Klhdc8b",8.13158884607155e-13,-0.385111718697202,0.202,0.318,1.57663376136481e-08
"Atl1",8.44155354063687e-13,0.281830530613338,0.982,0.945,1.63673281599408e-08
"Pak3",8.7226347623603e-13,0.378725451595866,0.966,0.932,1.69123165407404e-08
"Nefm",8.97132597150908e-13,0.319318247478108,0.734,0.546,1.73945039261589e-08
"Pip5k1c",9.29161052997782e-13,-0.337657501759808,0.948,0.947,1.8015503656574e-08
"1810041L15Rik",9.73063908094822e-13,-0.466051905754233,0.504,0.626,1.88667361140505e-08
"Kdm6b",9.81251329265034e-13,0.312828766191199,0.646,0.456,1.90254820231197e-08
"Id2",9.81522026961946e-13,0.412423924168277,0.974,0.929,1.90307305807652e-08
"Sar1b",9.85230972242362e-13,0.273745086681612,0.941,0.83,1.91026433208072e-08
"Epb41l4b",9.97167886798361e-13,-0.299828234492303,0.519,0.531,1.93340881571334e-08
"Gpr83",1.05500567116986e-12,-0.526293614394758,0.031,0.137,2.04555049583124e-08
"Prkaa2",1.10264845522092e-12,-0.319107452061311,0.726,0.732,2.13792508982783e-08
"Ndst3",1.11044938553134e-12,0.525698131952074,0.46,0.285,2.15305031360672e-08
"Plekhg5",1.12511059346323e-12,-0.267091747353774,0.525,0.527,2.18147692966585e-08
"Hjurp",1.13839084814075e-12,-0.308502913136725,0.465,0.492,2.2072260154601e-08
"Psma5",1.21759862646447e-12,0.353666323287774,0.925,0.84,2.36080197685196e-08
"Cd34",1.22093949360957e-12,-0.44822172898167,0.563,0.605,2.36727958415959e-08
"Sidt1",1.24632477816636e-12,-0.35446899608438,0.592,0.613,2.41649911238676e-08
"Galnt7",1.32570924319169e-12,-0.473086791521182,0.127,0.235,2.57041765162436e-08
"Nr2f6",1.37299695036305e-12,-0.330911145310325,0.362,0.41,2.66210378705893e-08
"Cmc2",1.45755576225367e-12,-0.268613413181277,0.638,0.643,2.82605486743365e-08
"Slc16a1",1.46964615899501e-12,0.399088669676152,0.455,0.275,2.84949693767543e-08
"Gm26782",1.50114910870178e-12,-0.481438800025909,0.248,0.361,2.91057800686189e-08
"Nell1",1.643268517417e-12,-0.525581163339951,0.075,0.195,3.18613332841982e-08
"Dap3",1.68830201199273e-12,0.292426203803566,0.871,0.718,3.2734487710527e-08
"Tmem205",1.71982009601701e-12,0.257579814920851,0.804,0.628,3.33455918416739e-08
"Tuba1b",1.72630941099949e-12,0.255713487295903,1,0.977,3.34714131698691e-08
"Coch",1.764089477578e-12,-0.477797524851732,0.021,0.118,3.42039308807599e-08
"Snap47",1.84036936838914e-12,0.264618129462756,0.995,0.971,3.56829216836971e-08
"C130073E24Rik",1.91355891019636e-12,0.289462507478325,0.114,0.03,3.71019937097972e-08
"Gatad1",1.91820157260603e-12,-0.254970331673507,0.915,0.885,3.71920102912584e-08
"Gabra1",1.94617429568871e-12,0.373326975702962,0.995,0.983,3.77343734191084e-08
"Dgkz",2.05183674032354e-12,-0.278210026417248,0.972,0.933,3.97830625581331e-08
"Bean1",2.1269350625651e-12,-0.319190540590759,0.292,0.348,4.12391439280747e-08
"Pcdh11x",2.17970364215115e-12,-0.592599178577025,0.121,0.247,4.22622739176686e-08
"Dpysl3",2.39693500933616e-12,0.259573092258913,0.736,0.555,4.64741728960188e-08
"Crocc",2.45672991777555e-12,0.284647718926853,0.615,0.432,4.76335363757501e-08
"Psmb6",2.63276262733512e-12,0.284943645467981,0.974,0.903,5.10466345814006e-08
"Npy1r",2.77431064195541e-12,-0.553455061872114,0.264,0.374,5.37911090368735e-08
"Shd",2.83045276475635e-12,-0.401039517285492,0.114,0.233,5.48796486558609e-08
"Ppa1",2.90377243961288e-12,0.367940961132377,0.915,0.829,5.63012438316542e-08
"Taldo1",2.92275790375123e-12,0.417480786520875,0.806,0.674,5.66693529958326e-08
"Agrn",2.93337537288323e-12,-0.307585989827667,0.522,0.53,5.6875215104833e-08
"Lzts3",3.0228454755771e-12,-0.285688077396276,0.646,0.621,5.86099509259644e-08
"Prag1",3.13014745083496e-12,-0.489725818752725,0.062,0.172,6.0690428924239e-08
"Lsamp",3.22640434317634e-12,-0.276962964243846,0.897,0.969,6.25567538098461e-08
"Ikzf4",3.47673444039841e-12,-0.303145379272981,0.346,0.379,6.74104040648847e-08
"Slc22a15",3.61900193288447e-12,-0.361552947811355,0.114,0.206,7.0168828476697e-08
"Cobl",3.9657768510686e-12,-0.273451960025298,0.897,0.855,7.6892447365369e-08
"Clcn2",4.14858270360114e-12,0.300522020748039,0.364,0.206,8.04368700401225e-08
"Elavl2",4.6963266690132e-12,-0.330428415345298,0.948,0.92,9.10570777854969e-08
"Pkib",4.93030427399786e-12,-0.622698960354656,0.31,0.384,9.55936695685445e-08
"Pmpcb",5.43553683437678e-12,0.259594022540696,0.607,0.429,1.05389623681731e-07
"Bcar1",5.47292806348526e-12,-0.256368952351301,0.307,0.332,1.06114602222916e-07
"Heca",5.51118975337848e-12,-0.29734520328447,0.602,0.62,1.06856458128255e-07
"Fam13c",5.74048262637091e-12,-0.318725166687187,0.548,0.564,1.11302217642706e-07
"Impa1",5.75071649810923e-12,0.26132224235952,0.884,0.735,1.1150064218184e-07
"Bag1",5.90425427506162e-12,-0.257179640893424,0.992,0.974,1.1447758613917e-07
"Fam84a",5.97206142676364e-12,0.49414146216757,0.315,0.167,1.1579229900352e-07
"Deptor",6.0723477257375e-12,-0.389814245552353,0.527,0.47,1.17736750054324e-07
"Tmem191c",6.58861125118973e-12,-0.291303225075637,0.979,0.965,1.27746583549318e-07
"Rnf145",6.82129239945893e-12,0.309620786251801,0.809,0.643,1.32258038333109e-07
"Sgsm1",6.97193512955854e-12,-0.347918609154592,0.615,0.65,1.3517885022701e-07
"Phka2",7.04371504200628e-12,-0.277842362559322,0.37,0.375,1.3657059094946e-07
"Npas2",7.38374568339562e-12,-0.295634334613078,0.248,0.287,1.43163445055358e-07
"Fmn2",7.55501772718293e-12,-0.265863658645429,0.837,0.82,1.4648423871235e-07
"Hsp90b1",7.59186103048308e-12,0.273371892995939,0.995,0.971,1.47198593520036e-07
"Dpf1",7.79658599430869e-12,-0.259718995364333,0.718,0.707,1.51168005843651e-07
"Cct2",8.10460614833831e-12,0.307145592905262,0.966,0.881,1.57140208610131e-07
"Plcxd2",8.5471727967002e-12,-0.594841696739324,0.276,0.317,1.6572113335522e-07
"Rgs12",8.57911666836877e-12,-0.541416367860559,0.109,0.209,1.66340493083002e-07
"Nr4a1",8.96824829006103e-12,0.483402402109169,0.811,0.664,1.73885366095993e-07
"Arf4",9.18703552720207e-12,0.271626417080679,0.972,0.901,1.78127431836921e-07
"Nudt9",9.35583852826454e-12,0.259908787831426,0.765,0.589,1.81400353224521e-07
"Neto2",9.71669771861665e-12,-0.397669937271417,0.643,0.615,1.88397052066258e-07
"Nrep",9.85607030801874e-12,-0.554016117513806,0.401,0.493,1.91099347202175e-07
"Emd",1.01926665400561e-11,0.443796766543363,0.767,0.621,1.97625611545149e-07
"Egr3",1.03242866228675e-11,0.410735424943836,0.99,0.929,2.00177593330779e-07
"Mcc",1.05323704670392e-11,-0.390112624243005,0.142,0.211,2.04212130985423e-07
"Wnk2",1.11366241104043e-11,-0.2651995925167,0.713,0.703,2.1592800487663e-07
"Frmpd4",1.1163549674239e-11,-0.319174585669182,0.765,0.781,2.16450064633819e-07
"Hmox2",1.12828349979234e-11,0.290582288610986,0.832,0.673,2.18762887774737e-07
"Sntg1",1.17413622126267e-11,-0.257201855292741,0.349,0.351,2.27653271940619e-07
"Cops7b",1.20066777454921e-11,-0.259884649052877,0.406,0.426,2.32797474807346e-07
"Nanos1",1.21544155673903e-11,-0.25854129492043,0.494,0.509,2.3566196343613e-07
"Tmem59",1.26129564353617e-11,0.289341651807749,0.99,0.949,2.44552612325228e-07
"Nabp1",1.3092128127413e-11,-0.442209652193299,0.432,0.484,2.53843272262411e-07
"Hivep1",1.32964191104662e-11,-0.314879795944892,0.822,0.817,2.57804270132828e-07
"Vdac2",1.35327906249712e-11,0.266151400060004,0.995,0.969,2.62387277427567e-07
"Nav3",1.41140198552435e-11,-0.300263217301489,0.899,0.889,2.73656730973316e-07
"Rtn4r",1.45878326183897e-11,-0.421244619782715,0.483,0.528,2.82843486637957e-07
"Tango2",1.51296253718521e-11,-0.255944642743457,0.925,0.912,2.93348306334841e-07
"Psmd13",1.52382853486445e-11,0.299440134902487,0.86,0.715,2.95455114624869e-07
"Rap1gap2",1.58553764844902e-11,-0.257445362494188,0.897,0.86,3.0741989465778e-07
"Dlc1",1.59299198209039e-11,-0.441078618973654,0.656,0.75,3.08865215407506e-07
"Btbd3",1.66413612668443e-11,-0.357517065914577,0.346,0.335,3.22659353602844e-07
"Bicc1",1.68390454443888e-11,-0.327369911893673,0.018,0.105,3.26492252121254e-07
"Smarcd3",1.81875077628505e-11,-0.290791341738803,0.664,0.684,3.52637588013908e-07
"Lhfp",1.83426115301569e-11,-0.495096902991497,0.269,0.376,3.55644894958213e-07
"Etv5",1.83579719894203e-11,0.342772200249741,0.881,0.754,3.5594271890287e-07
"Vldlr",2.0422428371401e-11,-0.272527126496886,0.537,0.52,3.95970463693095e-07
"S100a6",2.1166059477559e-11,-0.875816441512573,0.034,0.136,4.10388727210391e-07
"Emc4",2.14663420193314e-11,0.308372332453001,0.917,0.821,4.16210905412816e-07
"Lrrtm4",2.24876421981516e-11,0.504726199502469,0.486,0.34,4.36012894579961e-07
"Epdr1",2.27586728217293e-11,0.278448624829226,0.951,0.884,4.4126790734051e-07
"Git2",2.30922385585479e-11,-0.276027510343245,0.514,0.521,4.47735413411685e-07
"4833422C13Rik",2.4346879396328e-11,-0.406696025515679,0.106,0.193,4.72061644615403e-07
"Glrx3",2.45366603782387e-11,0.267794492440538,0.959,0.887,4.7574130807367e-07
"Col5a1",2.48755170778555e-11,0.253847753529057,0.344,0.201,4.82311400622541e-07
"Retreg1",2.63266323224163e-11,0.276107461497681,0.876,0.732,5.1044707409933e-07
"Grm2",2.76127982220396e-11,-0.458817644482009,0.235,0.302,5.35384544727125e-07
"Tmem65",2.76413450959734e-11,-0.302809429706696,0.749,0.748,5.35938040065828e-07
"Scrn1",2.94405252318176e-11,-0.254575924572863,0.948,0.945,5.70822343719712e-07
"Sstr3",3.01504749129047e-11,-0.401448907426159,0.129,0.242,5.84587558086309e-07
"Man2a1",3.22681957261487e-11,-0.345854507816055,0.258,0.323,6.25648046934297e-07
"Galnt16",3.3385263306511e-11,0.250568716566467,0.894,0.759,6.47306870249943e-07
"Sebox",3.37360180972674e-11,0.291889323101096,0.437,0.278,6.54107654887917e-07
"Ctsl",3.40073018145707e-11,0.306876448211474,0.791,0.627,6.59367574882712e-07
"Arpc2",3.42755846611526e-11,0.260594767557443,0.987,0.972,6.64569310995087e-07
"Stk32c",3.68997488735996e-11,0.311184000229949,0.982,0.927,7.15449230910223e-07
"Rab15",3.69897443166863e-11,-0.320459530633377,0.886,0.915,7.17194152556231e-07
"Bcor",3.77598156341743e-11,-0.341575076889645,0.323,0.388,7.32125065331006e-07
"Fam53b",3.93771016695249e-11,-0.349308788215285,0.339,0.392,7.63482624270419e-07
"Maob",4.11451603871771e-11,-0.41230192352052,0.31,0.391,7.97763514746976e-07
"Ldlrad3",4.1452448028252e-11,-0.289101484758137,0.16,0.217,8.03721514819778e-07
"Ppm1m",4.21415212366167e-11,-0.370095736581385,0.09,0.185,8.17081955256761e-07
"Schip1",4.21742533091472e-11,-0.269331041786114,0.713,0.668,8.17716597411054e-07
"Cask",4.61839021654961e-11,-0.287375725842048,0.837,0.837,8.95459679086804e-07
"Cdh7",4.73970505815464e-11,0.395437094060001,0.349,0.195,9.18981413725603e-07
"Sox9",4.87752260477756e-11,-0.712002745123245,0.072,0.197,9.45702857840322e-07
"Mapk6",4.96148047444388e-11,-0.303021460083923,0.421,0.443,9.61981449189924e-07
"St8sia1",5.21035909514205e-11,0.350646078557648,0.519,0.345,1.01023652495709e-06
"Strip1",5.22215904777649e-11,-0.280014411197162,0.568,0.595,1.01252441777338e-06
"Cyth2",5.34029017521119e-11,0.363350211935455,0.889,0.791,1.0354288620717e-06
"Unc119",5.51728504284035e-11,-0.319252091758811,0.377,0.422,1.06974639695632e-06
"Cct3",6.20944347046264e-11,0.37996407714255,0.837,0.713,1.203948994488e-06
"Tubb2a",6.64907092110131e-11,0.462418735445295,0.984,0.957,1.28918836089233e-06
"Psma6",6.7113413954612e-11,0.310435512147975,0.922,0.839,1.30126198316597e-06
"Mid1ip1",6.85890350439307e-11,-0.329323073492758,0.142,0.223,1.32987280046677e-06
"Cdh9",6.9283746481531e-11,-0.409552519208806,0.186,0.236,1.3433425605304e-06
"Dbpht2",6.97649244845561e-11,0.281974580014789,0.961,0.869,1.35267212083106e-06
"Dtna",7.04228021781291e-11,-0.299575415497798,0.894,0.887,1.36542771143174e-06
"Man1a2",8.04605605733377e-11,-0.283798100715108,0.902,0.874,1.56004980895644e-06
"Rap2a",8.17704212181789e-11,0.272241086309282,0.987,0.946,1.58544669699927e-06
"Arhgap15",8.28493511406760e-11,-0.485586070683077,0.196,0.317,1.60636606926657e-06
"Myh14",8.37241114524144e-11,-0.419639094293255,0.028,0.111,1.62332679695086e-06
"Gnal",8.43395363990909e-11,-0.512405223923098,0.568,0.66,1.63525927124197e-06
"Zeb2",8.61465793008967e-11,-0.285547138544312,0.977,0.941,1.67029602606509e-06
"Flot1",8.84153929219077e-11,0.299279904790764,0.866,0.729,1.71428605336287e-06
"Dusp6",8.84505015662863e-11,0.475948555353591,0.656,0.487,1.71496677486873e-06
"Pdk3",9.00663931630675e-11,0.281800607941306,0.499,0.333,1.74629729703872e-06
"Chrm2",9.00834151657151e-11,-0.419086084692029,0.075,0.161,1.74662733664805e-06
"Ap1s2",9.02027342142173e-11,0.327154619832318,0.463,0.296,1.74894081367946e-06
"Idh3b",9.27032477290121e-11,0.286206996670992,0.938,0.846,1.79742327021782e-06
"Nefl",9.3078591015755e-11,0.290791036515714,0.969,0.912,1.80470080120447e-06
"Dnajc6",9.51393760368678e-11,-0.268691896236915,0.987,0.977,1.84465736197883e-06
"Slc44a5",9.52631838378022e-11,0.264378288001473,0.271,0.141,1.84705787143115e-06
"Foxo1",1.13244617387299e-10,-0.409050414410971,0.044,0.144,2.19569988652233e-06
"Csrp2",1.16954600053969e-10,0.309157221205314,0.388,0.237,2.2676327404464e-06
"Galnt13",1.20313024219966e-10,0.259893074259928,0.643,0.473,2.33274922660092e-06
"Gm43672",1.2106863777284e-10,-0.282632544412413,0.15,0.196,2.3473998177776e-06
"Slc41a2",1.21200565950314e-10,-0.270010365245235,0.289,0.323,2.34995777321063e-06
"Sergef",1.22767353459831e-10,-0.326450928937352,0.481,0.517,2.38033621623267e-06
"Ackr1",1.25497458687647e-10,-0.296444278484598,0.693,0.698,2.43327022649479e-06
"Fry",1.258160712681e-10,-0.280394624824028,0.969,0.955,2.43944780581719e-06
"Cyth3",1.27794930791765e-10,-0.32235582871541,0.333,0.385,2.47781591312153e-06
"Nab1",1.27876283065879e-10,0.288676737487576,0.654,0.48,2.47939325236432e-06
"Ablim1",1.34886960107904e-10,-0.302095337814475,0.827,0.89,2.61532326953215e-06
"Laptm4a",1.41813264694263e-10,0.286540286734008,0.959,0.897,2.74961738915706e-06
"Sik2",1.44938927941716e-10,0.362168785089967,0.568,0.396,2.81022087386193e-06
"Rpgrip1",1.46232361235402e-10,-0.269670789028184,0.584,0.572,2.8352992519932e-06
"Gapdh",1.49547790041307e-10,0.391367216326731,1,0.99,2.8995821011109e-06
"Pamr1",1.49555776314897e-10,-0.426566313335558,0.186,0.274,2.89973694696954e-06
"Acsl5",1.50280427953116e-10,-0.282485940018487,0.481,0.491,2.91378721758297e-06
"Dctn2",1.54604571793567e-10,0.252084128232381,0.984,0.938,2.99762804250547e-06
"Ahdc1",1.62072575861301e-10,-0.285018032098805,0.607,0.627,3.14242517337477e-06
"Cacna1a",1.77058223756934e-10,-0.320309342287317,0.93,0.934,3.43298190042319e-06
"Smarca2",1.84361510768081e-10,-0.333414358320843,0.979,0.97,3.57458533228233e-06
"Anxa11",1.97801673345171e-10,-0.397597412767854,0.176,0.274,3.83517664448951e-06
"Lancl1",1.97960248001521e-10,0.257609999970414,0.941,0.846,3.83825124850149e-06
"AI504432",2.04326599630347e-10,-0.2759128925432,0.693,0.668,3.96168844023279e-06
"Amph",2.1122251320316e-10,-0.288637760303625,0.969,0.946,4.09539330849607e-06
"Arhgef4",2.19418772784012e-10,-0.310583266027072,0.814,0.827,4.25431058550921e-06
"Oxr1",2.25215375315026e-10,-0.343324739464788,0.987,0.981,4.36670091198303e-06
"Arnt2",2.4831502628509e-10,-0.288992984200923,0.889,0.879,4.8145800446416e-06
"Rps6ka2",2.52347636677622e-10,0.254596281111717,0.693,0.523,4.89276832754242e-06
"Snx21",2.52355034425563e-10,-0.314162149487954,0.646,0.653,4.89291176247724e-06
"Lrtm2",2.56103803096202e-10,-0.254753022848762,0.364,0.373,4.96559663823226e-06
"Bhlhe40",2.70324403197796e-10,0.55638835726741,0.437,0.349,5.24131985360206e-06
"Simc1",2.75875597075882e-10,-0.271033088042862,0.202,0.251,5.34895195170427e-06
"Ryr2",2.93135625978453e-10,-0.275700813996995,0.972,0.97,5.68360665209622e-06
"Hist1h4d",2.96912928577393e-10,-0.464639397147915,0.463,0.515,5.75684477218707e-06
"Lmtk2",3.07194910215972e-10,-0.259388061112955,0.566,0.557,5.95620211417749e-06
"Brinp2",3.12840351393228e-10,-0.403973889271905,0.659,0.741,6.06566157316329e-06
"Frmd4a",3.16533770597366e-10,-0.293297222325291,0.63,0.638,6.13727327811234e-06
"Smyd3",3.17134183056822e-10,-0.282120679782644,0.659,0.669,6.14891467528873e-06
"Scmh1",3.17279973147918e-10,-0.25268422614868,0.618,0.634,6.15174139936499e-06
"Cbarp",3.19953070966887e-10,-0.284177552944404,0.977,0.968,6.20357009297696e-06
"B3glct",3.23470130351898e-10,-0.261188852727937,0.372,0.362,6.27176235739295e-06
"Ccdc138",3.23506969080817e-10,0.275873231314823,0.556,0.395,6.27247662350797e-06
"Trhr",3.41182937180986e-10,-0.556476582550912,0.07,0.174,6.61519596900214e-06
"Trnp1",3.54939100519006e-10,-0.263502526296089,0.891,0.877,6.881914219963e-06
"Dtl",3.69978998049864e-10,-0.356716372598122,0.328,0.404,7.17352279318881e-06
"Arpc3",3.72764062838075e-10,0.275521788431999,0.997,0.971,7.22752241436743e-06
"Adcy7",3.7395181053709e-10,-0.349050784685464,0.041,0.128,7.25055165450363e-06
"Sema3e",3.74387181746303e-10,-0.544694687570985,0.271,0.367,7.25899306687907e-06
"Park2",3.91310089362741e-10,-0.284166791096912,0.403,0.424,7.58711132265419e-06
"Per1",4.17237401291997e-10,0.309771283866626,0.711,0.545,8.08981597365052e-06
"Caly",4.30121706110972e-10,0.265064140360169,0.997,0.98,8.33962975978563e-06
"Il1rap",4.31861848849358e-10,-0.379796085651309,0.494,0.554,8.37336938734019e-06
"Kcng1",4.74880126534976e-10,0.422965988737105,0.403,0.249,9.20745077338666e-06
"Fjx1",4.85593572075651e-10,-0.431300122416745,0.483,0.583,9.4151737689748e-06
"Ncl",5.10678448272512e-10,0.261659823037468,0.995,0.966,9.90154443355574e-06
"Clmn",5.28529346830443e-10,-0.308980311550116,0.416,0.419,1.02476555056955e-05
"Pdzd2",5.42055284122779e-10,0.254666152237428,0.674,0.509,1.05099099038566e-05
"Orai2",5.50054343850332e-10,-0.377829072844919,0.413,0.532,1.06650036729141e-05
"Rictor",5.68965350789155e-10,-0.272265886735258,0.739,0.746,1.10316691864509e-05
"Xylt1",5.74548138165384e-10,0.282862032066823,0.871,0.738,1.11399138508886e-05
"St6gal2",5.97243582286385e-10,-0.384668163363136,0.566,0.674,1.15799558169507e-05
"Cdkn2aip",6.3041951691751e-10,-0.309993544484695,0.584,0.588,1.22232040135136e-05
"Dab2ip",6.42470298743147e-10,-0.279869083738443,0.605,0.621,1.24568566223309e-05
"Rgl1",6.55799212950422e-10,0.258952616246536,0.832,0.687,1.27152909398957e-05
"AC154509.1",6.89897811420622e-10,0.275758216349878,0.147,0.055,1.33764286656344e-05
"Hist1h2ac",7.23339107768348e-10,-0.636629986766788,0.442,0.546,1.40248219605205e-05
"Pgk1",7.25929657007266e-10,0.297710250773287,0.974,0.952,1.40750501197139e-05
"Ppp1r14c",7.64970166559611e-10,-0.377554120942871,0.514,0.589,1.48320065594243e-05
"Zmat4",7.69929607104438e-10,-0.372337961816693,0.486,0.503,1.4928165152148e-05
"Osbpl3",7.80126176075548e-10,-0.263533360820589,0.437,0.443,1.51258664279288e-05
"Gfra2",7.84652923996496e-10,-0.437662065276545,0.765,0.814,1.52136355433681e-05
"Klf10",7.97493821575298e-10,-0.330289340129383,0.501,0.535,1.54626077065234e-05
"Cbln1",8.66528902469899e-10,-0.351572900663701,0.137,0.207,1.68011288899889e-05
"Fos",8.90762328102094e-10,0.6023085434682,0.922,0.903,1.72709907795715e-05
"Exph5",9.19235699997993e-10,-0.367649631119803,0.054,0.133,1.78230609872611e-05
"Arid5a",9.20274581151846e-10,0.297948631727651,0.269,0.142,1.78432038539531e-05
"Dab1",9.55327423563264e-10,0.296211684266797,0.845,0.711,1.85228434154681e-05
"Opcml",1.0560060321687e-09,0.258466441524835,1,0.991,2.0474900957719e-05
"Ndufs2",1.11451661974595e-09,0.251376949084261,0.948,0.873,2.16093627402541e-05
"Emc2",1.15135471507783e-09,0.263186998660976,0.897,0.783,2.23236165706441e-05
"Eprs",1.15474101949582e-09,0.257128984289081,0.845,0.707,2.23892736270045e-05
"AI593442",1.19291639106533e-09,-0.255745212397289,0.889,0.811,2.31294559063657e-05
"Ppp1r1a",1.22370332943648e-09,-0.323647799109366,0.881,0.851,2.3726383854444e-05
"Cntnap2",1.28751221031273e-09,0.29806317524966,0.767,0.614,2.49635742457535e-05
"Ankrd44",1.37839952343804e-09,-0.331964930091015,0.163,0.239,2.67257883599401e-05
"Hist1h1d",1.39439997038357e-09,-0.431017995683183,0.339,0.345,2.70360210257671e-05
"Hspd1",1.43132673229554e-09,0.263650830559944,0.959,0.887,2.77519940124782e-05
"Vwa5b2",1.54317369662282e-09,-0.341607692710237,0.297,0.361,2.99205948038199e-05
"Cspg5",1.57209841752626e-09,-0.288675809881759,0.987,0.967,3.04814162174166e-05
"Mmp16",1.64162139916838e-09,-0.320669077698045,0.757,0.862,3.18293973084756e-05
"Vgll4",1.68096796829233e-09,-0.353459274110689,0.181,0.258,3.25922879372201e-05
"Nr4a3",1.74679139106604e-09,0.479508693502639,0.724,0.588,3.38685382813794e-05
"C730002L08Rik",1.78815482904863e-09,-0.360147026470039,0.155,0.275,3.46705339804239e-05
"Tshz1",1.81844118893895e-09,-0.379205653642275,0.129,0.223,3.52577562123373e-05
"Sorcs1",1.88410224880165e-09,0.433911441885196,0.54,0.385,3.65308585020152e-05
"Caskin1",1.95972327570439e-09,-0.265005923250954,0.636,0.668,3.79970745926324e-05
"Pdia3",1.97746116522281e-09,0.293838257682578,0.884,0.78,3.83409945325051e-05
"Tmem109",2.03096663157e-09,0.289224433947928,0.755,0.599,3.93784120195107e-05
"Timp2",2.09026131176696e-09,0.434179414888045,0.915,0.817,4.05280765738495e-05
"Tmem255a",2.10403240630437e-09,0.461858913303205,0.362,0.22,4.07950843258355e-05
"Eif4a1",2.18144641202014e-09,0.27768286071305,0.984,0.964,4.22960644826584e-05
"Pitpnm2",2.21154708144879e-09,-0.292802212952449,0.747,0.719,4.28796863622106e-05
"Prps2",2.2131668055237e-09,-0.266163923167771,0.32,0.362,4.29110911922991e-05
"Suclg1",2.29085589905868e-09,0.27387272807309,0.948,0.876,4.44174050268487e-05
"Eif2s1",2.42104503670976e-09,0.274059184388464,0.736,0.581,4.69416422167655e-05
"Itga4",2.50834876101839e-09,0.29224295198184,0.183,0.081,4.86343741273856e-05
"Lrrn1",2.72524912508107e-09,0.310844156357227,0.45,0.295,5.28398552861968e-05
"Adh5",2.76127288009958e-09,0.320968408738273,0.527,0.367,5.35383198722508e-05
"Glul",2.76836086981969e-09,0.383593504036126,0.76,0.636,5.3675748904934e-05
"Actn4",2.83377782444356e-09,-0.282012302857791,0.765,0.785,5.49441182381362e-05
"Cbfb",2.8412029196313e-09,-0.394039112618273,0.3,0.408,5.50880834087313e-05
"Arl15",2.9145467611794e-09,-0.289166013021233,0.245,0.275,5.65101471525074e-05
"Htr2c",2.9298290217484e-09,-0.90425216911128,0.028,0.101,5.68064549026797e-05
"Onecut2",2.99639443074811e-09,-0.471964303202526,0.152,0.252,5.80970916177751e-05
"Phip",3.05887588832495e-09,-0.308194549531271,0.897,0.885,5.93085445987325e-05
"Plcl1",3.16114714409808e-09,-0.345862949830352,0.049,0.138,6.12914819769176e-05
"Rspo3",3.26396877666113e-09,0.32862393652259,0.625,0.465,6.32850906106827e-05
"Adgrb3",3.33844950731965e-09,-0.258392236597309,0.961,0.966,6.47291974974208e-05
"Cdk19",3.51798619808011e-09,-0.31105716863087,0.517,0.571,6.82102343945753e-05
"Clu",3.6348769514749e-09,0.335738918038556,0.848,0.739,7.04766292121468e-05
"Nceh1",4.13255377510261e-09,0.252522015788136,0.935,0.86,8.01260851454645e-05
"Txnl1",4.58123246670757e-09,0.286408369447337,0.948,0.912,8.88255162969931e-05
"Dkk2",4.60562603118738e-09,0.311938909566614,0.109,0.037,8.9298483118692e-05
"Trhde",4.62334186189996e-09,-0.393867940308297,0.163,0.24,8.96419753603783e-05
"Epha3",4.68613781280687e-09,-0.336872713724789,0.067,0.137,9.08595260525124e-05
"Puf60",5.12723925890646e-09,0.328596039552578,0.842,0.738,9.94120419909374e-05
"Dner",5.44018486780314e-09,0.542335712326699,0.553,0.458,0.000105479744401835
"Cacna2d3",5.72154362431439e-09,0.451273697376362,0.377,0.261,0.000110935009331832
"Uchl3",5.99334098304107e-09,0.260171997167415,0.827,0.701,0.000116204888320183
"Vwc2l",6.08476605307938e-09,-0.472784135190167,0.052,0.132,0.000117977529003156
"Lsp1",6.27287444191419e-09,0.41980579740593,0.413,0.27,0.000121624762554274
"Gpr137c",6.42226763706346e-09,0.33741006497025,0.674,0.52,0.000124521347215023
"Znrf1",6.44843969958699e-09,-0.250141693046795,0.744,0.76,0.000125028797335292
"Drd1",6.49518337589485e-09,-0.402573540073456,0.395,0.477,0.000125935110475225
"Itpk1",6.80119308364122e-09,-0.281329609200711,0.434,0.466,0.00013186833269872
"Lonrf1",7.04028101129554e-09,0.304919948930093,0.566,0.408,0.000136504008528009
"Psmc1",7.20365320789873e-09,0.274392737425936,0.953,0.886,0.000139671632047948
"Usp3",7.43446250630394e-09,-0.280516910071796,0.346,0.392,0.000144146793534727
"Spag5",7.49447722278126e-09,-0.295334019090474,0.039,0.11,0.000145310418872506
"Ppp1r15a",7.99551451777764e-09,0.481262950577489,0.687,0.552,0.000155025030985191
"Elovl4",8.17745078460765e-09,0.256656285047899,0.842,0.708,0.000158552593262758
"Smoc2",8.5715670434037e-09,-0.45549681313893,0.07,0.171,0.000166194113404554
"Atg3",8.57990866741474e-09,0.254982773016311,0.85,0.725,0.000166355849152504
"Shroom2",8.63029001090384e-09,-0.359004315217157,0.437,0.514,0.000167332693021414
"Psmc4",9.70232605478621e-09,0.289702107675166,0.848,0.736,0.00018811839987625
"Kcna4",1.00956063090083e-08,-0.342762385599804,0.429,0.506,0.000195743710725362
"Cacna2d1",1.01954319129398e-08,-0.334611407274224,0.977,0.969,0.00019767922935999
"Il12a",1.02940117136007e-08,-0.295699152524196,0.039,0.116,0.000199590593115004
"Ksr1",1.03682468829907e-08,0.254137769648055,0.625,0.469,0.000201029938814306
"Siah2",1.04031448664044e-08,0.330195830042274,0.463,0.313,0.000201706575814715
"Ppargc1a",1.07247671160238e-08,0.346033066626726,0.682,0.537,0.000207942509612585
"Adrm1",1.09092534272749e-08,0.28554173839841,0.749,0.606,0.000211519514701433
"Mapk11",1.09973437870139e-08,-0.292636883235641,0.465,0.513,0.000213227498686412
"Rbms1",1.11061749067915e-08,0.355588681584073,0.331,0.199,0.00021533762526778
"Med10",1.12326367096135e-08,0.252818950774002,0.886,0.776,0.000217789593162696
"Nfil3",1.12878317570756e-08,0.298451378261065,0.323,0.193,0.000218859769937939
"Kif3a",1.13096743656021e-08,0.264260711207112,0.959,0.915,0.000219283276274659
"Bcap31",1.17902889789669e-08,0.280840386167219,0.819,0.69,0.000228601913013189
"Epop",1.19588989672105e-08,-0.34517431067779,0.636,0.684,0.000231871092075244
"Cmip",1.20936970746955e-08,0.366282776588793,0.876,0.766,0.00023448469258127
"Galnt14",1.21736488509618e-08,-0.395259080045832,0.243,0.255,0.000236034877571299
"Tnnc1",1.22673593205093e-08,-0.600099013089932,0.103,0.174,0.000237851829865356
"Eif3c",1.23933765129696e-08,0.267813172964429,0.953,0.892,0.000240295177209967
"Kcnab1",1.41139771100179e-08,-0.459707241134165,0.421,0.477,0.000273655902186136
"Klf9",1.44386140686405e-08,0.270393382828188,0.984,0.969,0.000279950288176872
"Diras2",1.46973221878124e-08,-0.264361111424227,0.977,0.956,0.000284966379899495
"Tox",1.66596140670518e-08,0.36177842266764,0.871,0.776,0.000323013257146067
"Gpr68",1.8768565110734e-08,-0.294408510090163,0.09,0.164,0.000363903708932021
"Ctnna2",2.02019652012903e-08,0.268879650004718,0.806,0.67,0.000391695903287818
"Ciart",2.04125721029027e-08,0.350657081386537,0.362,0.225,0.00039577936050318
"Rtcb",2.15230150331423e-08,0.273113293305466,0.902,0.805,0.000417309738477595
"Hspa12a",2.26384615764301e-08,0.265714498566533,0.928,0.859,0.000438937131505403
"Cdk2ap1",2.28562331612154e-08,-0.405643420200505,0.444,0.506,0.000443159504762805
"Spty2d1",2.32415646527112e-08,0.327551583257027,0.618,0.464,0.000450630697051418
"H2afx",2.33737224873676e-08,-0.265776929135007,0.687,0.688,0.00045319310530757
"Sema3d",2.41575607841455e-08,-0.298348728833651,0.034,0.103,0.000468390946043796
"Medag",2.54880728704168e-08,-0.412814154529139,0.111,0.188,0.000494188244884511
"Ier5l",2.80250436581691e-08,-0.316504488212759,0.682,0.689,0.00054337757148824
"Socs2",2.93780487580969e-08,-0.337040134271572,0.705,0.771,0.000569610987370741
"Stt3b",2.97209162418103e-08,0.277346816642656,0.801,0.67,0.000576258845012461
"Spats2l",3.00282998359607e-08,-0.40484943747573,0.163,0.221,0.000582218705519442
"Gpr19",3.09626617484797e-08,0.275800623572704,0.416,0.276,0.000600335048641273
"Gm45441",3.33625132906465e-08,-0.287170354470128,0.036,0.112,0.000646865770192345
"Ahsa1",3.60537112461033e-08,0.277498493910977,0.904,0.837,0.000699045407350698
"Bach2",3.64372005938705e-08,-0.346426770567714,0.101,0.196,0.000706480882314554
"Lrfn5",3.7696854582527e-08,-0.270529398515393,0.946,0.92,0.000730904313500615
"Med7",4.00491951971697e-08,0.33895700770398,0.512,0.363,0.000776513845677924
"Pdrg1",4.07918324806738e-08,-0.267964928642525,0.649,0.673,0.000790912839967784
"Rorb",4.26009045941608e-08,-0.751861598960397,0.129,0.194,0.000825988939176184
"Optn",4.38366235926696e-08,-0.26842392145718,0.078,0.148,0.00084994829483827
"Kcnq3",5.17245393460069e-08,-0.32838546912007,0.912,0.889,0.00100288709337973
"Etnk2",5.586490876806e-08,-0.358027632120375,0.052,0.127,0.00108316471610391
"A830029E22Rik",5.60455772718084e-08,-0.316039325760243,0.098,0.155,0.00108666769772309
"Ier2",5.85166917743305e-08,0.492432012287485,0.796,0.759,0.00113458013681249
"Pou6f2",6.2554687538413e-08,-0.383732590031732,0.212,0.294,0.00121287283668229
"Kctd12",6.33059843916835e-08,-0.421961879386481,0.227,0.296,0.00122743973137035
"Nnat",6.36642408501555e-08,0.270915685128951,0.721,0.577,0.00123438596584367
"Atf7ip",6.95709113382509e-08,-0.290320790254069,0.711,0.755,0.00134891039993735
"Asns",7.21111092988964e-08,0.259814881561411,0.713,0.569,0.0013981622981963
"Eif3g",7.73337033539324e-08,0.264839744738639,0.85,0.749,0.00149942317432939
"Prcd",7.87899291247642e-08,-0.295708224256354,0.15,0.199,0.00152765793580005
"Trib2",8.30503987226171e-08,-0.359416964979262,0.207,0.283,0.00161026418083282
"D16Ertd472e",8.46860437798555e-08,-0.373308084726242,0.049,0.123,0.00164197770284762
"Fdps",9.22008909236223e-08,0.354793326643702,0.829,0.785,0.00178768307411811
"1190002N15Rik",9.5822384252214e-08,0.472682124703077,0.475,0.376,0.00185790020826618
"Lor",1.05480146474392e-07,-0.263123881200969,0.535,0.569,0.00204515455999198
"Gars",1.14509280647635e-07,0.293013609709232,0.749,0.619,0.00222022044247699
"Mcl1",1.14936246549416e-07,0.355480134871353,0.736,0.614,0.00222849888434663
"Tmem237",1.3632284782377e-07,0.277541256859374,0.711,0.573,0.00264316369645508
"Abracl",1.40396447133488e-07,-0.337195012682505,0.656,0.719,0.00272214671347119
"Pdzrn3",1.40506007772179e-07,-0.297941538599719,0.067,0.125,0.00272427098469478
"Kctd4",1.55257103799344e-07,-0.433606896190516,0.416,0.449,0.00301027998556549
"Rfx7",1.74184418099883e-07,-0.259316959523324,0.638,0.675,0.00337726168253863
"Unc5c",1.74275262593006e-07,-0.302110571512191,0.331,0.336,0.0033790230664158
"Igdcc4",1.82809953276754e-07,-0.261238131707304,0.178,0.229,0.00354450218408299
"Nrd1",1.91128489346166e-07,0.258003303577472,0.93,0.857,0.00370579027993282
"Peli1",1.95986184429012e-07,0.27223754963565,0.845,0.753,0.00379997612989411
"Fam126b",1.99696670686989e-07,-0.283116065827978,0.979,0.973,0.00387191874795003
"Atp1a2",2.04405257987139e-07,-0.394534865254239,0.109,0.189,0.00396321354711265
"Cntnap5a",2.07531813185086e-07,0.385533896238655,0.403,0.27,0.00402383432584564
"Cacna1g",2.17665141976187e-07,-0.282473925669939,0.336,0.351,0.00422030943777629
"R3hdm2",2.21641780206531e-07,-0.280974378963051,0.941,0.934,0.00429741247642443
"Spock3",2.31564322032694e-07,-0.404524687811494,0.245,0.294,0.00448980063989191
"Rasgef1c",2.44675874102729e-07,-0.322643336767838,0.116,0.195,0.00474402052297782
"Adcyap1",2.52202246404077e-07,0.332357745718615,0.256,0.146,0.00488994935552864
"Hs3st4",2.72479507009693e-07,0.31561567291605,0.811,0.685,0.00528310516141094
"Arl5b",2.74275026900499e-07,0.378934666301308,0.594,0.458,0.00531791849657378
"Ppp1r26",2.90919446971927e-07,-0.265588393014608,0.15,0.217,0.00564063715733869
"Kalrn",3.04891676088518e-07,-0.255816582398744,0.992,0.99,0.00591154470768027
"Phkg1",3.05279731151352e-07,-0.445143960654231,0.196,0.265,0.00591906870729356
"Golga4",3.40696001667269e-07,-0.252923404587613,0.845,0.848,0.00660575477632667
"Gstm1",3.62873036856415e-07,-0.338236738737485,0.124,0.164,0.00703574531160902
"Ptprs",3.81931713293574e-07,-0.284075596369586,0.992,0.985,0.00740527398904911
"Trib1",3.98163929898936e-07,0.386453435403712,0.545,0.408,0.00772000043681048
"Gpc6",4.15337366426397e-07,-0.396439807708653,0.16,0.22,0.00805297619764141
"Atad2",4.29764579665192e-07,-0.265441887905348,0.189,0.237,0.00833270543512841
"Pcp4",4.36432649658582e-07,-0.348221754595064,0.935,0.886,0.00846199264423025
"Maml3",4.44247640888457e-07,-0.25953232368821,0.114,0.163,0.00861351750918629
"Angpt1",4.86171885607079e-07,-0.270787749462906,0.134,0.18,0.00942638669003566
"Col12a1",5.11547691361579e-07,-0.270329511633919,0.519,0.481,0.00991839818780965
"Adra1b",5.27345894823197e-07,-0.373330453205011,0.204,0.29,0.010224709554727
"Gm47423",6.10024812833765e-07,0.27515242487784,0.388,0.262,0.0118277710960339
"Hist4h4",6.149415199367e-07,-0.476186918956646,0.318,0.372,0.0119231011300527
"Amigo2",6.37181503247683e-07,-0.258586691387841,0.103,0.15,0.0123543121664693
"Nsmce4a",6.45877924574906e-07,0.256650027181248,0.747,0.62,0.0125229270795828
"Pou3f3",6.68374801315981e-07,-0.258899616451559,0.372,0.388,0.0129591190227156
"Lingo1",6.99307150249962e-07,-0.258933843231913,0.992,0.965,0.0135588663361965
"Slc39a10",7.52434048872934e-07,-0.367024357802562,0.964,0.96,0.0145889437735973
"Slc16a2",8.091432787805e-07,0.428010885979204,0.473,0.371,0.0156884790322751
"Arhgap42",8.29908283402596e-07,-0.280548883261113,0.106,0.175,0.0160910917068929
"Pde1b",8.49120584881527e-07,-0.250919049497202,0.506,0.541,0.0164635990202679
"Tle3",9.03174926879276e-07,-0.277224832215404,0.173,0.206,0.0175116586572623
"Hapln4",9.18840152354378e-07,-0.335347089517208,0.333,0.415,0.017815391713999
"Fam135b",9.22952270660859e-07,0.361603482894586,0.837,0.77,0.0178951215758434
"Tm6sf1",1.48595552196921e-06,-0.277251794901101,0.233,0.303,0.0288111916154611
"Foxp2",1.59140307292886e-06,0.257199317088675,0.716,0.587,0.0308557141810177
"Tmem44",1.6862917660568e-06,-0.269929265804208,0.065,0.121,0.0326955110520753
"Fbl",1.80592472517807e-06,0.34686207411618,0.786,0.696,0.0350150744964775
"Cdkl5",1.96469221950354e-06,-0.271625231352504,0.943,0.955,0.0380934174439542
"Gm42743",1.98024986943611e-06,-0.368530234542625,0.354,0.414,0.0383950647184967
"Fbxo33",2.06619628948386e-06,0.253727781618383,0.902,0.817,0.0400614798568026
"Coq10b",2.32582933416609e-06,0.286413632966721,0.817,0.709,0.0450955049601463
"Syt6",2.37464635551152e-06,0.307658432143718,0.62,0.499,0.0460420181870128
"Slc6a17",2.60620301614935e-06,-0.287407787867491,0.969,0.958,0.0505316702801198
"Hist1h4i",2.70482395975699e-06,0.385095629672783,0.483,0.357,0.0524438317557282
"Tubb5",2.76336136072127e-06,0.282725117356372,0.995,0.983,0.0535788134230247
"Nos1",3.60602336162068e-06,-0.425387264131566,0.295,0.323,0.0699171869584633
"Fras1",3.61220482400326e-06,0.358039990568799,0.357,0.286,0.0700370393325991
"Hdac7",3.82714723275707e-06,-0.25086853011678,0.238,0.29,0.0742045576959268
"Dach1",3.8756843750829e-06,-0.27459589793028,0.047,0.117,0.0751456443484823
"Tpd52l1",3.88293628458578e-06,-0.260749972241187,0.695,0.719,0.0752862516218337
"Krt12",4.18211824052707e-06,-0.446303841163323,0.152,0.193,0.0810870905655794
"Rnd2",4.24368622602384e-06,-0.272027321676297,0.085,0.132,0.0822808322363763
"Mobp",4.25797646701906e-06,-0.285575648276111,0.098,0.17,0.0825579057190325
"Nectin3",4.36439728762932e-06,-0.447885449988603,0.137,0.162,0.0846212990098448
"Caprin2",4.85945514178083e-06,-0.408149197856526,0.323,0.343,0.0942199757439886
"Npy",4.90899571592366e-06,-1.02456697211741,0.057,0.107,0.0951805179360439
"Hap1",5.27497558833226e-06,0.268673861965946,0.853,0.755,0.102276501682174
"Wscd1",7.88758272044831e-06,-0.388115275974756,0.398,0.486,0.152932341366772
"Myl4",8.79809456856759e-06,-1.05770850072721,0.269,0.321,0.170586255589957
"Hist1h2bh",9.98559679645628e-06,-0.311260716811586,0.15,0.202,0.193610736286491
"Cdkn1a",1.25947454870587e-05,-0.383491012377086,0.292,0.391,0.244199520248582
"Parp1",1.30571089498029e-05,0.261461521561021,0.61,0.488,0.253164285427728
"Foxp1",1.37768782622854e-05,-0.272335947124774,0.969,0.946,0.267119892627451
"A830036E02Rik",1.3849053815115e-05,-0.292823880367537,0.209,0.206,0.268519304421264
"Cdh4",1.52449936390181e-05,-0.31454066743895,0.111,0.159,0.295585181666923
"Rimklb",1.6243289088468e-05,0.287123812127437,0.506,0.386,0.314941132136305
"Sgk1",1.62706263230142e-05,0.449324775873354,0.69,0.588,0.315471173776922
"Midn",1.65377966602162e-05,0.302504969589642,0.587,0.469,0.320651339444933
"Sox11",1.75383770459847e-05,-0.319358412795251,0.677,0.751,0.340051592544597
"Sema3c",1.94760651421384e-05,-0.271647262583979,0.349,0.35,0.377621427040921
"Nlgn1",2.20758139324585e-05,0.253258366738155,0.925,0.863,0.428027956336437
"Gabra2",2.44492060762099e-05,0.455676138843246,0.649,0.602,0.474045656611634
"Fbxl18",2.69055391480076e-05,-0.309244909343908,0.447,0.483,0.52167149854072
"Ctxn2",2.8596883321943e-05,-0.265086897417086,0.656,0.715,0.554464970729154
"Pacsin2",3.28252887903416e-05,0.26515502065797,0.328,0.227,0.636449524355933
"Rph3a",3.95821467489403e-05,-0.271916670022864,0.858,0.873,0.767458243315203
"Bmp3",4.27660303939623e-05,-0.29124934696032,0.62,0.635,0.829190563308534
"Epb41l2",4.36129722176244e-05,-0.27304348654807,0.14,0.177,0.84561191832752
"A830009L08Rik",5.01976595838929e-05,-0.280542102231798,0.119,0.163,0.973282421672099
"Nptx2",5.98538567797167e-05,-0.433132564891468,0.199,0.286,1
"Cwc25",6.92154921453533e-05,0.272817975781335,0.535,0.424,1
"Samd5",7.13607834681304e-05,-0.28054338466507,0.53,0.615,1
"Rtn4rl1",9.02470681015908e-05,-0.28497701682099,0.297,0.318,1
"Itgav",0.000131408803738923,0.305272964402855,0.506,0.425,1
"A2ml1",0.000134553551605138,-0.271096807565423,0.152,0.162,1
"Cplx2",0.000206109627682918,-0.25764497051218,0.93,0.894,1
"Enpp2",0.000226959873326251,-0.333240723400726,0.227,0.264,1
"Syn2",0.000271647303972904,-0.252219076290986,1,0.996,1
"Adamts1",0.000283552416629126,0.251674900046727,0.101,0.049,1
"Camk2n1",0.000338210874076745,-0.496387223410339,1,0.993,1
"Plxnd1",0.000362036396403479,-0.288537178901226,0.085,0.139,1
"Hspa1a",0.000363780210479155,0.341729368846576,0.633,0.547,1
"Gm13889",0.000364428937397207,0.320952973880393,0.432,0.333,1
"Neat1",0.000377196537828663,0.421822390078671,0.191,0.123,1
"Man1c1",0.000384210752019712,-0.258218135416366,0.142,0.196,1
"Aldoc",0.000687273366969808,-0.323656834900152,0.189,0.266,1
"Arhgef40",0.000762956590165527,0.37711689602605,0.196,0.131,1
"Slc24a2",0.000784255626420881,-0.302964375196952,0.809,0.867,1
"Acvr1c",0.000911992529218352,-0.316588286576592,0.297,0.311,1
"Jsrp1",0.00117405480931596,-0.281770769681018,0.227,0.258,1
"S100b",0.00147917190562172,-0.280726868484041,0.067,0.105,1
"Ptgs2",0.00217655999611869,-0.547860890493497,0.137,0.195,1
"Ptprz1",0.0027002537280288,-0.259154867742292,0.078,0.119,1
"St6galnac5",0.00522728623131706,0.265401322852726,0.814,0.747,1
"Rasgrf2",0.00599959914985596,-0.294150182572593,0.367,0.443,1
"Pantr1",0.00843124600225574,-0.252428091375369,0.468,0.513,1
