"","p_val","avg_log2FC","pct.1","pct.2","p_val_adj"
"6430548M08Rik",1.61215715318694e-10,-1.12780839030138,0.619,0.823,2.8174058409095e-06
"Lsamp",5.95315993834293e-10,-0.679128563805571,0.915,0.979,1.04037423082481e-05
"Cadm3",7.53330094901534e-10,-0.686900188398444,0.96,0.979,1.31651967384992e-05
"Gnao1",1.32223622173251e-09,-0.507333028610452,1,1,2.31074002109973e-05
"Pcdh15",2.44712954583634e-09,-1.17239373313219,0.153,0.49,4.27660359430359e-05
"Nsf",4.38392370571587e-09,-0.461805227615673,1,1,7.66134506810906e-05
"Olfm1",7.12240660744802e-09,-0.500628518668004,1,1,0.000124471177871762
"Bc1",1.43114152559622e-08,-0.921777591993348,0.983,1,0.000250106293013196
"Hapln4",1.6737164524278e-08,-0.818630781158443,0.21,0.562,0.000292498687226283
"Camk2d",1.92673019845471e-08,-1.58965044055103,0.244,0.573,0.000336715369481946
"Rprd1a",2.17913759213767e-08,-0.582679833519565,0.869,0.979,0.000380826085601978
"Syn2",2.70570728826352e-08,-0.559695849882663,1,1,0.000472849405696932
"2900097C17Rik",3.33461154369857e-08,-0.373114264170959,1,1,0.000582756713376762
"Rimbp2",3.64255408257982e-08,-1.17905353481739,0.557,0.792,0.000636572751471649
"Fam174b",3.72769934181774e-08,-0.513924422741938,0.42,0.781,0.000651452736976069
"mt-Cytb",3.83083918052997e-08,0.567369389915656,1,1,0.000669477455189418
"C130074G19Rik",3.87391889423049e-08,-0.690940637955753,0.023,0.25,0.000677006065955721
"Bcl11b",4.98944916735839e-08,0.498169064163763,0.983,0.771,0.000871956136487553
"Napb",5.68868656247996e-08,-0.383063671102013,1,1,0.000994154863658998
"Arhgef9",7.84989995450869e-08,-0.476321058239523,0.994,1,0.00137184851604994
"Stmn3",8.23985086109867e-08,0.371910776839114,1,1,0.0014399963364856
"Cnr1",1.02183833132872e-07,-1.13127488174065,0.409,0.417,0.00178576466783007
"Pou3f2",1.11454531463636e-07,-0.626864031847511,0.023,0.24,0.0019477793918585
"Rtn3",1.14690065692185e-07,-0.320591842224638,1,1,0.00200432358803663
"mt-Co3",1.33400135278671e-07,0.654018810182766,1,1,0.00233130076413005
"Tmcc2",1.59095705111422e-07,-0.729620356513207,0.318,0.646,0.0027803565425272
"Tecr",2.01019292748728e-07,0.578265766764824,0.994,1,0.00351301316007677
"Il1rapl2",2.50982168261904e-07,-0.597846166925355,0.011,0.198,0.00438616437254503
"Fat3",2.85475755834036e-07,-0.914363379677741,0.551,0.74,0.00498897430895561
"Celf4",3.26666876503644e-07,-0.3147313508273,1,1,0.00570883033377769
"Pip5k1c",3.2814305931565e-07,-0.584373280821834,0.966,0.99,0.0057346281046003
"Ttc3",3.89441534844842e-07,-0.328119805525319,1,1,0.00680588026294846
"Pafah1b1",4.27766893357439e-07,-0.435243460561138,1,1,0.00747565422831461
"Chn2",4.76523587756917e-07,-1.0924143777935,0.205,0.49,0.00832772621963988
"Gpr88",5.01427175666723e-07,-1.28352796846941,0.034,0.24,0.00876294132195165
"Atp6v0a1",5.1514347448312e-07,-0.450647575913893,0.983,0.99,0.00900264736006701
"Cbx6",5.15922755542215e-07,-0.512861462922786,0.966,0.979,0.00901626607585575
"App",5.59403680834066e-07,-0.347125132696487,1,1,0.00977613872625613
"Gabbr2",5.69975668061002e-07,-0.429331013296376,0.983,1,0.00996089477503407
"Hrh3",5.93286444918068e-07,-0.99734380409764,0.318,0.594,0.0103682739113882
"Trak1",7.62788124012086e-07,-0.494515105992998,0.653,0.917,0.0133304852552352
"Pgbd5",7.658213138495e-07,-0.605368853133478,0.903,0.906,0.0133834932808339
"Slc24a3",8.6409479146379e-07,-1.18617943925802,0.114,0.323,0.0151009205756212
"Camk2a",8.64874041445394e-07,-0.533499356935939,1,1,0.0151145387482997
"Cdh12",8.74682428467247e-07,-0.640111903192329,0.136,0.427,0.0152859501198936
"Fbxl16",9.32723059789373e-07,-0.51293067119876,0.943,1,0.0163002681928791
"Syt1",1.28611518995882e-06,-0.441358208062582,1,1,0.0224761490597204
"Ckb",1.28833365773968e-06,0.440149806967019,0.994,1,0.0225149190026587
"Cnih3",1.35102395200095e-06,-0.899288368520101,0.699,0.844,0.0236104945851687
"Pcsk2",1.37624152916296e-06,-0.442725473077645,0.989,1,0.0240511969636518
"Nrn1",1.4839890135103e-06,-1.14994731219807,0.648,0.615,0.0259341920001061
"Slc35e3",1.49930764310696e-06,-0.375341108193979,0.284,0.583,0.0262019003709372
"Nsg2",1.50809422362691e-06,-0.374641142793667,1,1,0.0263554546521039
"Slc30a3",1.71873546874841e-06,-1.37981352161148,0.068,0.302,0.0300366210518472
"Cpne9",1.75145032855002e-06,-0.568512950156488,0.011,0.177,0.0306083459417402
"Ntng1",1.78885661436463e-06,0.396884831302648,0.176,0.292,0.0312620581926362
"Kdm1a",1.80249583913783e-06,-0.384495364819854,0.574,0.865,0.0315004172847727
"D430041D05Rik",1.85722998037819e-06,-0.579148085771975,0.915,0.99,0.0324569511370892
"Ap2b1",1.86535052997222e-06,-0.463659214759595,0.955,1,0.0325988658617945
"Dcp1a",1.90200732835652e-06,-0.331661066008569,0.176,0.438,0.0332394800703585
"Atp5o.1",1.95954404753295e-06,0.389398731593314,0.989,0.99,0.0342449917746858
"Vti1a",2.03098421689186e-06,-0.414141217198886,0.545,0.844,0.0354934801744021
"Bcl7a",2.16474896704728e-06,-0.482820195494182,0.903,0.969,0.0378311529481183
"Ctnnd1",2.19676543144849e-06,-0.366785558482437,0.364,0.667,0.0383906726799939
"Cacng2",2.2067799254324e-06,-0.672382581102673,0.739,0.885,0.0385656859768566
"Gabarapl1",2.34589261467368e-06,-0.309816432894994,0.994,1,0.0409968193340373
"Tspan7",2.35542230202851e-06,-0.2967895502689,0.994,1,0.0411633601502502
"Dynll1",2.39733411932809e-06,0.255681624702317,1,1,0.0418958110693777
"Ptgfrn",2.40998130681631e-06,-0.632748267977578,0.023,0.208,0.0421168333179218
"Nmnat2",2.49270474711589e-06,-0.43379646582591,0.898,1,0.0435625081605973
"Satb2",2.55776955197502e-06,-0.580695938091053,0.693,0.906,0.0446995806903155
"Lrrc4",2.5636671960634e-06,-0.491824453981559,0.602,0.875,0.0448026479184039
"Senp6",2.58796221076206e-06,-0.282016768998496,0.75,0.969,0.0452272275952777
"Alcam",2.75668991341885e-06,-1.02591651560474,0.642,0.76,0.0481759129269077
"mt-Co2",3.55109345372276e-06,0.416997552758691,1,1,0.0620589091972589
"Trp53i11",3.74016617586821e-06,-0.949245129248258,0.097,0.344,0.0653631440894728
"Wnt4",4.53023379728626e-06,-0.958455414135164,0.136,0.323,0.0791703658413747
"Ablim1",4.53398137139876e-06,-0.448394769425687,0.886,0.979,0.0792358584465648
"Dnajc5",4.63539258182269e-06,-0.470874717530903,0.989,0.99,0.0810081207599333
"Cpne5",4.79944447792422e-06,-1.00962073180668,0.21,0.354,0.0838750916962037
"Necab1",4.79999968537053e-06,-1.05399727415506,0.602,0.823,0.0838847945015354
"Elfn2",5.38896223545484e-06,-0.622425405719001,0.733,0.917,0.0941775040268087
"Coro1c",5.97959334137901e-06,-0.429202241596465,0.693,0.927,0.10449937323394
"Camk2n2",6.08522234854841e-06,-0.913035113529167,0.33,0.615,0.106345345763232
"Tln2",6.11446636092405e-06,-0.481049243028109,0.761,0.938,0.106856414123509
"Zbtb7a",6.17547325462059e-06,-0.479554971263067,0.943,0.99,0.107922570597749
"Lmo3",6.18577522028373e-06,0.33497702049326,0.983,0.833,0.108102607749678
"Zdhhc22",6.41759551686828e-06,-0.553149862766688,0.733,0.948,0.11215389925279
"Arsj",6.42569082155662e-06,-0.458639363708379,0.006,0.146,0.112295372797524
"Susd5",6.52587068314239e-06,-0.350302745419992,0,0.104,0.114046116058596
"Kif1a",6.68373834939512e-06,-0.345764936180162,0.989,1,0.116805011394029
"Auts2",6.74370831566871e-06,-0.851464594714455,0.761,0.906,0.117853046524626
"Fndc5",6.87393939651593e-06,-0.856778194571631,0.182,0.427,0.120128964893512
"Rad54l2",6.94908775199465e-06,-0.40020469705331,0.21,0.49,0.121442257553858
"mt-Atp6",7.15141074798943e-06,0.411491210832503,1,1,0.124978054231863
"Selenok",7.29030903110883e-06,0.370224731958641,1,1,0.127405440627658
"Stmn4",7.33884819344495e-06,0.35045192044145,1,1,0.128253711028644
"Tppp",7.4424928439382e-06,-0.488143917503034,0.989,0.99,0.130065004940664
"Mtpn",7.86776705358052e-06,-0.334188093006428,0.994,1,0.137497097028373
"Ttll7",8.54793320750837e-06,-0.480171769340003,0.983,1,0.149383680734416
"Synj1",9.26715146957236e-06,-0.385068330452432,0.994,1,0.161952739082247
"Mapre2",9.62859649484188e-06,-0.436719539978914,0.938,0.979,0.168269352343857
"Haus2",1.06873187188483e-05,-0.476664717572718,0.443,0.74,0.186771581930594
"Rufy3",1.10560354431797e-05,-0.300544120441819,0.994,1,0.193215275405009
"Galnt17",1.13536812959813e-05,-0.829216610026393,0.489,0.719,0.19841693432857
"Pcbd1",1.15389410176511e-05,-0.315148571062414,0.062,0.25,0.20165453322447
"Bicc1",1.19886414074514e-05,-0.576433011609352,0.011,0.156,0.209513497236621
"Tubb4a",1.28363542600489e-05,-0.41224727401584,0.983,0.979,0.224328127048614
"Plekhn1",1.30161477744244e-05,-0.336925552991637,0.256,0.521,0.22747019850584
"Usp12",1.30688819840762e-05,-0.387077717813223,0.557,0.833,0.228391781553716
"Slc25a22",1.38675025957564e-05,-0.468106559956363,0.983,1,0.242348475363438
"Ctif",1.40704508432059e-05,-0.383435481813682,0.585,0.854,0.245895198935866
"Zzef1",1.46402224568671e-05,-0.341949179256611,0.602,0.865,0.255852527656209
"Nptn",1.50019914521166e-05,0.304025446186659,1,1,0.262174802617189
"Nwd2",1.51117776545043e-05,-1.04884841147453,0.352,0.583,0.264093426290118
"Dag1",1.6203841043859e-05,-0.352150655672686,0.517,0.792,0.283178326082481
"Grin2b",1.63538655851059e-05,-0.361759946161841,1,1,0.28580015496531
"Nfix",1.63912055642932e-05,-0.395128369310194,0.994,1,0.286452708441588
"Ndufb9",1.69089536326726e-05,0.253504271213197,0.994,1,0.295500873684586
"Rab11fip2",1.75582161850415e-05,-0.380690521290159,0.892,0.99,0.306847386049786
"Atp1b2",1.75617106266408e-05,-1.09037275029109,0.307,0.531,0.306908454911175
"Txndc15",1.80048369655984e-05,0.368350513325963,0.898,0.906,0.314652530810797
"Ndufv2",1.8201565142336e-05,0.41637802164131,0.989,0.958,0.318090552427463
"Disp2",1.87942435562112e-05,-0.505243849691318,0.898,0.958,0.328448200388347
"Pgm2l1",1.92571542692198e-05,-0.342426827636968,1,1,0.336538028008885
"Fam171a2",1.92846788665019e-05,0.491764263332775,0.949,0.938,0.337019047870986
"Pmpca",1.99601870600509e-05,-0.336247911334732,0.682,0.917,0.348824229061449
"Lingo1",2.06442484580679e-05,-0.519754030482563,0.972,0.99,0.360778886053195
"H1fx",2.1268545372338e-05,0.46828153592843,0.886,0.865,0.37168909892698
"Rabep1",2.1391276001114e-05,-0.453176580056177,0.858,0.969,0.373833939395468
"Nectin1",2.1459164318587e-05,-0.763217598681429,0.045,0.229,0.375020355631626
"Mnat1",2.19477142282124e-05,-0.319431738364278,0.432,0.708,0.38355825385224
"Sept4",2.31350493032925e-05,0.62900801330072,0.79,0.635,0.40430812162434
"Amph",2.32838978466233e-05,-0.436794555466332,0.949,0.979,0.406909398767589
"Camk2n1",2.39352408877172e-05,-0.704690679799916,0.994,1,0.418292269753746
"Ppp2r2c",2.40376407686163e-05,-0.404171762861675,0.994,1,0.420081810072339
"Dlc1",2.41887282374912e-05,-0.479588882315982,0.67,0.896,0.422722214678395
"Tecpr2",2.45325031606027e-05,-0.468361009305419,0.602,0.854,0.428730025234692
"Tmem178b",2.45628396085247e-05,-0.593907055496117,0.466,0.75,0.429260184998577
"Nr2f1",2.49409736908958e-05,-0.811886774770154,0.795,0.927,0.435868456222095
"Dad1",2.5891825432536e-05,0.416655867294981,0.983,0.948,0.452485541258999
"Syt11",2.64988982914874e-05,-0.274593870479962,1,1,0.463094746542033
"Pi4kb",2.7056599424503e-05,0.306916485977582,0.347,0.312,0.472841131542614
"Frrs1l",2.70696588094181e-05,-0.411137442320853,1,1,0.473069357353391
"Kbtbd2",2.72703314004338e-05,-0.376994676102145,0.568,0.833,0.47657631155398
"Pnma2",2.76947395721281e-05,-0.367746568396233,0.83,0.979,0.483993268762511
"Vat1l",2.77654000353583e-05,0.391310476540569,0.267,0.396,0.485228131017921
"Erc2",2.80434540419498e-05,-0.442209602595227,0.909,0.958,0.490087402837114
"Plxna3",2.820373674335e-05,-0.463579902383811,0.097,0.323,0.492888503326784
"Lgr4",2.84429888085759e-05,-0.299916533352937,0.17,0.396,0.497069672418672
"Tfb2m",2.85288072322011e-05,-0.374810868243585,0.415,0.698,0.498569435189946
"Cdk14",2.98326552185369e-05,-0.367982324490326,0.994,1,0.521355482599151
"Farp1",3.03041217520298e-05,-0.381777488885408,0.324,0.604,0.529594831738472
"Mgat5b",3.23342757463655e-05,-0.470743031734214,0.301,0.583,0.565073802943483
"Eif4a2",3.24790446546142e-05,0.277461449249004,1,1,0.567603784384037
"Slc8a2",3.30477663022665e-05,-0.413492363875851,0.977,0.99,0.577542763898409
"Sez6l2",3.37254296526828e-05,-0.467189261191423,0.847,0.885,0.589385608610284
"Susd4",3.43670582019558e-05,-0.455376199343822,0.886,0.969,0.600598709137379
"Arid1b",3.45547611667984e-05,-0.466751909911924,0.631,0.865,0.603879006150969
"Phyhip",3.46467151548448e-05,-0.456361740677076,0.852,0.979,0.605485994046068
"Ndufab1",3.63389354666567e-05,0.289119848921865,0.994,0.99,0.635059236215293
"Pde4b",3.66272483703989e-05,-0.649383865916124,0.54,0.771,0.640097792521091
"Psma2",3.70836783786508e-05,0.302141163883579,0.966,0.99,0.648074363345301
"Pde4a",3.79054416456717e-05,-0.409165935163688,0.92,0.99,0.662435498199758
"Spock2",3.80096121638175e-05,-0.353305947912227,0.994,1,0.664255982174875
"Taok1",3.99878045578584e-05,-0.349409965838739,0.972,1,0.698826872453134
"C1qtnf4",4.08096626198294e-05,0.396314267927771,0.972,0.958,0.713189663944138
"Uri1",4.2489137440724e-05,-0.482361757542734,0.733,0.927,0.742540165914092
"Prkca",4.33415075580435e-05,-0.515858702752764,0.562,0.823,0.757436186084368
"Zfp106",4.34500689068957e-05,-0.426052919051462,0.852,0.917,0.759333404216909
"C530008M17Rik",4.58437120012691e-05,-0.58759054667252,0.472,0.719,0.801164710934179
"Cd3eap",4.65276885035947e-05,0.267157980613742,0.591,0.656,0.813117884288821
"mt-Nd1",4.9372768033804e-05,0.451938549630961,1,1,0.862838494158758
"Chst11",5.09277851072224e-05,-0.561315112866541,0.261,0.531,0.890013972533818
"Arhgef7",5.1196833688516e-05,-0.394427698022709,0.756,0.938,0.894715865540507
"Bsn",5.19291325869888e-05,-0.417318942082804,0.966,1,0.907513521090216
"Srd5a1",5.34386216722463e-05,-0.366974142079958,0.261,0.521,0.933893352344175
"Gpr83",5.34564405174698e-05,-0.544980914835367,0.034,0.198,0.934204754483303
"Itpk1",5.3748295529529e-05,-0.525248837308978,0.358,0.635,0.939305212674049
"Atp5d",5.38396016904644e-05,0.30000796890699,0.994,1,0.940900879142556
"Akap5",5.59157066026781e-05,-0.331790955984316,0.756,0.948,0.977182888588402
"Bicral",5.63211318603098e-05,-0.44770900654151,0.631,0.865,0.984268100390774
"Tom1l2",5.68354774074803e-05,-0.481335031079009,0.83,0.927,0.993256803173125
"1810041L15Rik",5.8770785263529e-05,-0.561854275841531,0.54,0.792,1
"Adgrl1",5.91259865292357e-05,-0.366476200016495,1,1,1
"Arpc1a",5.95498155260296e-05,0.318275961777512,0.994,0.969,1
"Slc30a9",6.08212045313774e-05,-0.305024094109543,0.909,1,1
"Lancl2",6.11043100119657e-05,-0.325222347180862,0.835,0.979,1
"Syngr1",6.22295561608098e-05,-0.415608309256932,0.994,1,1
"Bok",6.23048159080785e-05,-0.834430328168518,0.324,0.542,1
"Sv2a",6.28610029942838e-05,-0.288688175740281,0.994,1,1
"Nck2",6.39343579504908e-05,-0.308924911994343,0.523,0.781,1
"Ptprt",6.42924392394164e-05,-0.755997364006868,0.489,0.729,1
"Rims3",6.55454241519542e-05,-0.850216916353213,0.284,0.5,1
"Arsb",6.56447677491298e-05,-0.493863070352442,0.812,0.917,1
"Nbl1",6.61205467636136e-05,-0.277462965187921,0.494,0.75,1
"Trim44",6.6466965203331e-05,-0.361437345266298,0.977,0.99,1
"Cdipt",6.66799667316328e-05,-0.364008112944212,0.949,1,1
"Ppm1k",6.73765991714289e-05,-0.397296364592101,0.955,0.979,1
"Ssbp3",6.91912389035433e-05,-0.344996634281155,1,1,1
"Larp1",6.93378978930262e-05,-0.410383279284219,0.869,0.927,1
"Dnlz",6.99837227830431e-05,0.373811616964772,0.903,0.906,1
"Marcksl1",7.13383612574917e-05,-1.52136102491238,0.045,0.198,1
"Ndufa11",7.1397022831849e-05,0.359853734207165,0.989,0.969,1
"Kcnma1",7.2737176642304e-05,-0.332601879374356,1,1,1
"Ppp1r26",7.37000800357394e-05,-0.41142455677422,0.142,0.375,1
"Apba1",7.40911120415073e-05,-0.539752500809977,0.727,0.854,1
"Scube1",7.52959581965362e-05,-0.705969542642373,0.119,0.323,1
"Per3",7.6200891928769e-05,-0.425153179961679,0.557,0.812,1
"Gnaq",7.81211642560461e-05,-0.27454852533978,1,0.99,1
"Rhou",7.88651195396255e-05,-0.597359283161184,0.562,0.781,1
"Ocel1",8.08316684150161e-05,-0.291120490759893,0.159,0.375,1
"Ing5",8.61253758103213e-05,-0.252049420083754,0.216,0.427,1
"Prkar1b",8.64010103650293e-05,-0.366161395932385,0.989,1,1
"Cox19",8.91100681498905e-05,0.25760119239792,0.824,0.906,1
"Ndufs7",9.00450033482223e-05,0.351542369706117,0.983,0.958,1
"Apba2",9.18052178787963e-05,-0.319967976869272,0.966,1,1
"Nol4",9.18483642925682e-05,-0.394368141397009,0.949,0.969,1
"Atp6v1a",9.26852714906888e-05,-0.267927655122375,1,1,1
"Ubxn2a",9.38174595757176e-05,-0.578404411203572,0.597,0.792,1
"Adcyap1r1",9.68604978028802e-05,-0.705951588815204,0.267,0.5,1
"Tro",9.77333134959767e-05,-0.41946224172261,0.653,0.875,1
"Lmo4",9.90581018828242e-05,-0.492387368590703,0.972,0.99,1
"Mycbp2",0.000100550273930167,-0.275719115319911,1,1,1
"D030056L22Rik",0.000103515084703275,0.355994927172345,0.881,0.917,1
"Nptxr",0.000105773230733793,-1.45530862756006,0.659,0.76,1
"Eif3c",0.000106624305169736,-0.363554345448391,0.955,0.99,1
"Adcy1",0.000106853829664947,-0.318366901299768,0.994,0.99,1
"Sqstm1",0.00011219699206689,-0.357091978947023,0.938,1,1
"Ids",0.000114068036825287,-0.288066416401725,1,1,1
"Cox5a",0.000114767072858944,0.268675713158683,1,0.99,1
"Tmem132d",0.000120847402540387,-0.325590563465136,0.261,0.5,1
"Nudcd3",0.000121646689377962,-0.30477536330102,0.955,0.979,1
"Usp50",0.000122655611106573,-0.34131562541095,0.403,0.667,1
"Poldip3",0.000123625396953931,-0.263793376875092,0.648,0.875,1
"Chpf2",0.000123735771623565,-0.334565039258758,0.415,0.677,1
"Galnt9",0.000125835930136384,0.377167778391283,0.96,0.896,1
"Ptprk",0.00012934555348318,-0.757154771290668,0.08,0.271,1
"Dnajc21",0.000130602895841042,-0.764706828588452,0.568,0.729,1
"Ckmt1",0.000132143215924501,0.337191431124001,0.977,0.854,1
"Spock1",0.000132491691345316,-0.357375042828675,0.955,0.979,1
"Foxp1",0.00013329025692057,-0.578797934215616,0.955,1,1
"Rnf11",0.000135000447208827,-0.284250660566638,1,1,1
"Lin7b",0.000138007816899192,0.292833912268586,0.92,0.969,1
"Kcnh1",0.000138476564962034,-0.507816129944114,0.562,0.792,1
"Sdc3",0.00013920449574137,-0.463457237044482,0.602,0.833,1
"Tspan17",0.000139227945744371,-0.610427378870777,0.42,0.677,1
"Ubxn6",0.000147356263977703,0.39021886420669,0.955,0.844,1
"Wdr82",0.000147364715060965,-0.447494602380609,0.739,0.906,1
"Ccar2",0.000152896873866687,-0.313548849587462,0.477,0.729,1
"Arl15",0.000154100917210319,-0.38080350358998,0.17,0.396,1
"Cxxc1",0.000158468969121561,-0.446991219367003,0.352,0.615,1
"Maged1",0.000164325160188151,0.289838523200283,0.977,1,1
"Larp4b",0.000171069413038232,-0.341120160131762,0.949,1,1
"Kif1b",0.00017568698016405,-0.313308392707634,1,1,1
"Scn8a",0.000176457225689935,-0.342475094313185,0.983,1,1
"Nlgn2",0.000176957945999955,-0.416676464781735,0.812,0.958,1
"Pde1b",0.000177009674235331,-0.301990692646872,0.54,0.781,1
"Esd",0.00017783384721747,0.384707301031214,0.938,0.906,1
"Ap1b1",0.000178139995331249,-0.333924561208967,0.682,0.896,1
"Galntl6",0.000185002098565183,-0.3922865199574,0.04,0.198,1
"Arhgap15",0.000185392312012228,-0.392035410531358,0.114,0.312,1
"Crmp1",0.000186288565493109,-0.340571024593738,0.926,0.99,1
"Celf1",0.000192845057081131,-0.321446964130793,0.994,1,1
"Chrm1",0.000195715955321245,-0.405581961345,0.818,0.885,1
"Zfp704",0.000195892634966874,-0.411543872777086,0.642,0.865,1
"Coch",0.000198954865499668,-0.408525295417567,0.017,0.146,1
"Phactr1",0.000199400634105994,-0.330073099441373,0.989,1,1
"Ift140",0.000201294239904261,-0.363773025433785,0.068,0.25,1
"Plcl1",0.00020349160516874,-0.364141395524501,0.017,0.146,1
"Grin3a",0.000205587729265007,-0.581600848894831,0.045,0.208,1
"Smpd3",0.000206961710065658,-0.342250043421561,0.699,0.906,1
"Nmt1",0.000210386011743442,-0.351351721844726,0.92,0.979,1
"Fchsd2",0.000213157926379571,-0.282857992510047,0.375,0.615,1
"Scg5",0.000215107231516061,0.308107830239627,0.994,1,1
"Atxn1",0.000216931716309874,-0.493900269865919,0.903,0.969,1
"Nme7",0.000217510447604478,0.291216438541773,0.653,0.646,1
"Dkkl1",0.000218971295375392,-0.74872940061913,0.17,0.344,1
"Gm14703",0.000219047778869812,0.394026029145743,0.602,0.531,1
"Mrpl4",0.00021909021936273,0.411081816925585,0.852,0.771,1
"Stx8",0.000219680587536786,0.419041600149087,0.773,0.76,1
"Kcnc1",0.00022489220695699,-0.425062982623338,0.682,0.875,1
"Kalrn",0.000229887289178072,-0.319623950891633,0.983,1,1
"Plch2",0.000230979279483286,-0.540512991705265,0.131,0.333,1
"Syt7",0.000236432134570193,-0.296339990215895,1,0.99,1
"Tsc22d2",0.000236766820379192,0.447542360199587,0.818,0.76,1
"Brinp2",0.00024095552108271,-0.462466444381402,0.682,0.875,1
"Ptprf",0.000241102719712015,-0.567918663352784,0.716,0.792,1
"Skp1a",0.000241447953184231,-0.287573384725221,0.989,1,1
"Mgat5",0.000245942251609733,-0.73144600605394,0.364,0.594,1
"Wbp2",0.000254416555488112,-0.32747016849659,1,1,1
"Ap3m2",0.000255797877066511,-0.423075974772941,0.818,0.927,1
"Car10",0.000256412828887954,-0.952256160555393,0.585,0.698,1
"Fam126b",0.000256525902420534,-0.49933179818481,0.972,0.99,1
"Npy1r",0.000258005514383487,-0.733091278537276,0.244,0.438,1
"Ankrd34b",0.00026007111554998,0.356436362216188,0.216,0.208,1
"Cntfr",0.000260359877337071,0.282993164670131,0.432,0.49,1
"Rora",0.00026427591803998,-0.852355459624764,0.347,0.552,1
"Cntnap2",0.000269284462236711,-0.404518923730806,0.676,0.885,1
"Slc6a17",0.000270940498930378,-0.539507583473707,0.955,0.99,1
"Arhgef17",0.000277344281718367,-0.31925064899386,0.705,0.906,1
"Pard6a",0.000282421524319092,0.39119382027011,0.767,0.771,1
"Slc2a13",0.000283085640280336,-0.659125795367569,0.318,0.562,1
"Trir",0.000284562388065433,0.3258163688937,0.966,0.969,1
"Nacc1",0.000285814004765435,-0.310854364252077,0.557,0.792,1
"Rab6b",0.000291793327805886,-0.294844156696946,1,1,1
"Cds2",0.000292330161347569,-0.390744286768774,0.983,0.99,1
"Celf3",0.000293053163400489,-0.340165290402267,0.881,0.979,1
"Atp5c1",0.000295717563530066,0.290650200910915,1,1,1
"Igfbp4",0.000300298482471365,1.02667840171836,0.5,0.354,1
"Nhp2",0.000300632812081558,0.31008398229932,0.994,0.958,1
"Paics",0.00030623219744145,-0.379915149197858,0.619,0.844,1
"Tpr",0.000306356223503403,-0.251838538943453,0.92,1,1
"Lcorl",0.000307137606571044,-0.546489375298264,0.364,0.615,1
"Afdn",0.000313355209247197,-0.32429054183091,0.881,0.99,1
"Pum2",0.000314039226300618,-0.329608378459307,0.955,0.979,1
"AU040320",0.000321534068467995,-0.380391280650493,0.403,0.656,1
"Sgms1",0.000322464715948757,-0.409771141878082,0.352,0.604,1
"Dnajb14",0.0003231350412921,-0.31884771856283,0.972,1,1
"Agpat1",0.000323158966233255,-0.455170504914776,0.614,0.781,1
"Nlk",0.000323599712534515,-0.469266307299199,0.903,0.969,1
"Adcy6",0.0003253103944493,-0.3145266854939,0.284,0.521,1
"Alg1",0.000327469998412895,0.327119278617246,0.455,0.448,1
"Nell1",0.000329026175442936,-0.591716631783213,0.04,0.177,1
"Nrep",0.000329558971620286,-0.760091023755457,0.523,0.708,1
"Bola2",0.00033378103476912,-0.301777385536572,0.818,0.969,1
"Aktip",0.000337883952858214,-0.263448386491377,0.92,1,1
"Klf16",0.000345005282673515,0.262354542940282,0.551,0.594,1
"Gapdh",0.000354398859044642,0.398404026959625,0.994,1,1
"Vgll4",0.000362310953517252,-0.37035587132489,0.159,0.375,1
"Chd5",0.000364609494326347,-0.3636626783543,0.977,0.969,1
"Rab5a",0.000368551694043926,-0.291855780385728,0.909,0.979,1
"Shisa9",0.000370528818904451,-0.435404033910277,0.739,0.917,1
"Snx15",0.00037197336188478,0.402263517254437,0.733,0.677,1
"Atad2",0.000372741516888129,-0.454477114445363,0.114,0.312,1
"Susd6",0.000373281700136021,-0.289999759202363,0.386,0.625,1
"Stxbp1",0.000375057276782743,-0.299776234988168,1,1,1
"Chst1",0.000380115186195678,-0.30427254822858,0.994,1,1
"Rap1gap2",0.000384674640664505,-0.447412322923675,0.909,0.958,1
"Sort1",0.000388531637025172,-0.443018794768783,0.767,0.917,1
"Mapk4",0.000392610132481708,-0.51118754152033,0.074,0.25,1
"Ttbk2",0.000397058483059433,-0.325209350342718,0.693,0.896,1
"Arhgef25",0.000402013270146988,-0.388471371464667,0.784,0.948,1
"Scn2b",0.000402591533873442,-0.287303561025263,0.977,1,1
"Wnt9a",0.00040396166688654,-0.288580741226304,0.335,0.562,1
"Foxp4",0.000408014004875222,0.294017123629825,0.551,0.573,1
"Spin1",0.000410143533600753,-0.292641895132074,0.989,1,1
"Ddx55",0.000410544178042436,-0.259119009047056,0.551,0.781,1
"H3f3a",0.000412320623225529,0.271165497798954,0.994,0.99,1
"Naa60",0.000412910492017306,-0.3854504671793,0.557,0.792,1
"Mras",0.000418678113562432,-0.45821734467248,0.784,0.917,1
"Hrh1",0.000428890844889806,-0.352651894142622,0.102,0.292,1
"Nmt2",0.000430858272299812,-0.426279503247573,0.898,0.979,1
"Klhdc4",0.00043134838751718,0.351017107782822,0.375,0.323,1
"Ogfod1",0.000433766234437259,-0.346580923833265,0.858,0.969,1
"Dclk2",0.000437298004849844,-0.259638192506451,0.318,0.542,1
"Usp45",0.000438893541517534,-0.280106107882176,0.585,0.812,1
"Prkaa2",0.000438993792066363,-0.488399947930078,0.716,0.875,1
"Top2b",0.000440678665240457,0.27930188442702,0.869,0.917,1
"9430038I01Rik",0.000442397565359201,-0.383956558827584,0.176,0.396,1
"Elavl3",0.000442911501636002,-0.288331526542392,0.994,1,1
"H3f3b",0.000444144390109561,0.250124079580567,0.994,1,1
"Rpl18",0.0004457630166885,0.284479500629318,1,1,1
"Dnajb1",0.000452942348796762,0.341807794297807,0.881,0.969,1
"Slc18b1",0.000466577450115479,0.413991758506328,0.443,0.375,1
"Sqle",0.00046853605955501,0.402160402691955,0.835,0.823,1
"Foxj3",0.000471308971430057,-0.273383699992245,0.614,0.833,1
"Ranbp2",0.000479278071860978,0.305291096052525,0.847,0.906,1
"Ppargc1a",0.000481533472746141,0.275840387477984,0.517,0.594,1
"Ccdc148",0.000484350875703182,-0.333226137242314,0.324,0.562,1
"Ywhaq",0.000500040077275334,0.317420841122561,1,1,1
"Chmp5",0.000509774040492929,0.311199374622004,0.966,0.906,1
"Wls",0.000510587837712685,-0.677922171826157,0.057,0.208,1
"Sema3d",0.000517169980168512,-0.414856744435742,0.028,0.156,1
"Slc36a1",0.000545116926245638,-0.375116693964147,0.631,0.844,1
"Fzd3",0.000545642546298941,-0.289385074888083,0.96,1,1
"Mmp24",0.0005530357566859,-0.406511894404363,0.256,0.49,1
"Tax1bp3",0.000554337063065342,-0.263010356033677,0.068,0.229,1
"Coq10b",0.000555017034424414,0.274232442824318,0.795,0.885,1
"Pld3",0.000557101359673417,-0.415567579999622,0.92,0.969,1
"AU022252",0.000557526198184258,-0.271013809575151,0.324,0.542,1
"Tenm4",0.000557970835644964,-0.650508911565991,0.636,0.74,1
"Tenm1",0.000565112872044048,-0.343571514827089,0.841,0.958,1
"Mgst3",0.000588327584223837,0.340689973534474,0.977,0.969,1
"mt-Nd2",0.000591268375598716,0.286033850163257,1,1,1
"Dock3",0.000597645201213247,-0.343196909476299,0.92,0.99,1
"Elmo2",0.000599682860092387,-0.503193907316281,0.625,0.802,1
"Tmem201",0.000605147709384074,-0.288847655915872,0.494,0.729,1
"Zfp606",0.000608199287209392,-0.358839720858443,0.119,0.312,1
"Pkib",0.00061785749146664,-0.973589312421634,0.216,0.354,1
"Pou3f1",0.000622774722055646,1.29206832898943,0.199,0.042,1
"Ctxn1",0.000627553236645184,0.257644298707185,1,1,1
"Usp34",0.00062831135512202,-0.293104421031,0.96,1,1
"Slc25a46",0.000630934291498794,0.32176049057239,0.903,0.906,1
"Kmt2a",0.000635826200973004,-0.335892462722986,0.966,1,1
"Snrpd1",0.0006527028487208,0.295271654295935,1,0.958,1
"Ddx23",0.000653959388408325,-0.272594183394152,0.278,0.49,1
"Plekha6",0.000658451018962725,-0.408742399016296,0.568,0.792,1
"Caskin1",0.000669578937004677,-0.3175819093799,0.631,0.844,1
"Akap6",0.000680072347363185,-0.256125490815187,0.983,0.99,1
"Cpne4",0.000698261030563601,-0.830012857203564,0.318,0.458,1
"Clk3",0.000698750862750166,0.251552613351658,0.489,0.51,1
"Dek",0.000704028900281941,-0.284022272826614,0.818,0.958,1
"Hp1bp3",0.000714652967787545,-0.295314054600398,0.994,1,1
"Scrn1",0.000724466038263914,-0.325585578796119,0.96,0.958,1
"D17Wsu92e",0.000729508419895075,-0.25811950803967,0.881,0.99,1
"Zc3h7b",0.000738960116685767,-0.378857708201365,0.58,0.802,1
"Nckap5l",0.000740008231412869,-0.299346075784204,0.074,0.24,1
"Zfx",0.000747051919277418,-0.386332014758331,0.278,0.51,1
"Tspan4",0.000749678545398196,-0.250203020325678,0.028,0.156,1
"Myl12b",0.000749996058555665,0.31392832557081,0.994,1,1
"Atmin",0.000750196334329627,-0.373035025482055,0.557,0.781,1
"Snrpb",0.000753248831198868,0.386915389458528,0.932,0.906,1
"C1qbp",0.000764940452523079,0.374046344068208,0.938,0.875,1
"Nos1",0.000768991018767155,-1.04581401832801,0.21,0.396,1
"Cyth3",0.00077045687575856,-0.345609888291131,0.301,0.531,1
"Klhl2",0.00077490653338465,0.269464333092831,0.983,1,1
"Fhl1",0.000778304980975396,-0.520685447024904,0.244,0.292,1
"Ssr2",0.000781721606432633,0.384918735631538,0.886,0.875,1
"Alkbh5",0.000782753501838256,-0.336274221889975,0.676,0.875,1
"Mapt",0.000794245872736873,-0.266447280644657,1,1,1
"Kdm6b",0.000798789089359822,0.250041813375855,0.619,0.667,1
"Dlk2",0.000801516128655233,-0.3188600033569,0.403,0.635,1
"Gnb2",0.000807430172758776,0.317898067170044,0.994,1,1
"Kcna2",0.000809072025429495,-0.72302774090117,0.818,0.917,1
"Camta1",0.000815440707381102,-0.317729937586831,1,1,1
"Vstm2a",0.000817095335447962,-0.376829196392047,0.915,0.969,1
"Ankrd12",0.00082850076882266,-0.281338935406898,0.972,1,1
"Uqcc2",0.000833476725654413,0.259230444834477,0.994,1,1
"Intu",0.000835215374472064,-0.331190092710137,0.074,0.24,1
"Hnrnpk",0.000841704413456701,0.31571438341514,0.994,0.99,1
"Htr2a",0.000852128960636407,-0.365370986847474,0.011,0.115,1
"Acbd3",0.000862859573105762,-0.397752852321313,0.58,0.792,1
"Wdr44",0.000864134345658781,0.29737837980609,0.494,0.458,1
"Abracl",0.000869101281118485,0.3575835261549,0.756,0.802,1
"Ubb",0.000881510052329286,0.322974505522049,1,1,1
"Aatf",0.000883979592611769,0.270762658419745,0.347,0.302,1
"Mdh2",0.000885729383220275,0.339903492626839,0.972,0.969,1
"Hk1",0.000887146803285043,-0.25724723417388,0.96,1,1
"B3galt6",0.000887814360168272,0.317216034816668,0.5,0.448,1
"Lrrc4c",0.000901251560010792,-0.451173203004195,0.835,0.938,1
"Tmem18",0.000903010690150806,-0.371268683808374,0.273,0.5,1
"Cramp1l",0.000930569551901903,-0.364622268857058,0.369,0.604,1
"Cd81",0.000941092982168883,0.267210305391979,0.989,1,1
"Pip4k2b",0.000949262381458145,-0.378051352526627,0.744,0.896,1
"Dynll2",0.000955309966424158,-0.293162523036075,1,1,1
"Adrb1",0.000959123824290441,-0.513709615968809,0.33,0.562,1
"Med12",0.000960713013217148,-0.278016244937533,0.119,0.292,1
"Bri3bp",0.000962961431451995,-0.276597772681642,0.79,0.948,1
"D130040H23Rik",0.00097379765430327,-0.353992832618427,0.256,0.479,1
"Mef2a",0.000975017038952933,-0.28218125650963,0.983,1,1
"Nup153",0.000978120320754001,-0.396946156258115,0.33,0.562,1
"Cyb5b",0.000978404262477011,-0.345930739934342,0.824,0.948,1
"Eif3a",0.000981972087419471,-0.309461395895168,0.932,0.99,1
"Camkk2",0.000984012226122162,-0.341833051434209,0.932,1,1
"Gramd1b",0.000987277767605953,-0.383258075875183,0.733,0.906,1
"Npdc1",0.000993880883105186,0.285275802845701,0.994,0.99,1
"Dlgap3",0.00100000305525859,-0.324759498334154,0.653,0.854,1
"Pigl",0.0010030298488752,-0.323712824215445,0.102,0.281,1
"Dot1l",0.00101095613518281,-0.338884513760068,0.5,0.729,1
"Zcchc2",0.00102246514360055,-0.266907296756295,0.29,0.5,1
"Ndufc2",0.0010267980747466,0.30914235592227,0.994,0.969,1
"Kif3c",0.00103377743632527,-0.310616648111469,0.932,0.979,1
"Deptor",0.0010789631729965,-1.05282452801734,0.585,0.667,1
"Nfe2l1",0.00109793423515806,-0.287708632235695,0.949,1,1
"Dip2c",0.00109794563104411,-0.34493470728318,0.778,0.917,1
"Rnf44",0.0011089426571296,-0.316649741746021,0.653,0.854,1
"Phf24",0.00111143405240151,-0.380529047322428,0.943,0.969,1
"Klhdc8a",0.00111625029107253,-0.536234040960679,0.08,0.24,1
"Cacna1d",0.00114673685849613,-0.42215952354085,0.614,0.812,1
"Dynlrb1",0.00115313161334999,0.317474843712978,1,0.99,1
"Gtf3c1",0.00117395889506771,0.253344991441193,0.818,0.885,1
"Mgrn1",0.00120596273608833,-0.28462954956442,0.801,0.948,1
"Cux2",0.00120771245561871,-0.893249079443552,0.017,0.125,1
"Dst",0.00121143165417102,-0.28486321839057,0.983,1,1
"Csnk1g1",0.00121187797856284,-0.306732744769709,0.67,0.865,1
"Tmem30a",0.00121450231859939,-0.262833588299364,1,1,1
"Mettl6",0.00121550245082582,-0.31875840099391,0.307,0.531,1
"Cdv3",0.0012433294579769,-0.460091331672962,0.784,0.896,1
"Rbfox1",0.00124683565540124,-0.335328975634307,0.943,0.969,1
"Arhgap20",0.00125693147883492,-0.4481464718266,0.83,0.917,1
"S100b",0.00126035204072695,-0.483257433567596,0.028,0.135,1
"Ehd3",0.00126534539764502,-0.531662270432794,0.716,0.875,1
"Mgat3",0.00127556490442386,-0.550993460749477,0.614,0.76,1
"Snapc3",0.00127586223600039,-0.359654300376697,0.54,0.76,1
"Cmpk2",0.00127768512897278,-0.445744073342883,0.341,0.562,1
"Plxna4",0.00128237254022793,-0.68018465377969,0.591,0.74,1
"Atp6ap2",0.00128906547177037,0.361658920521648,1,0.99,1
"Hpca",0.00129401211930154,-0.646601282201228,0.784,0.906,1
"Rps6kl1",0.00130033502643482,0.359251567024108,0.744,0.688,1
"Tmem8b",0.00130918770641458,-0.359253147181167,0.585,0.792,1
"Nars",0.00131215642678912,-0.290135167047755,0.955,0.969,1
"L1cam",0.00132019899080738,-0.346354256682127,0.915,0.969,1
"Ranbp10",0.00134240376343418,-0.272366260358543,0.386,0.604,1
"Map7d2",0.00135453121573235,-0.269665441570103,0.96,1,1
"Atp5b",0.00136251732617069,0.319312244295869,1,0.99,1
"Chchd10",0.00137643065605507,0.318251720207474,1,1,1
"Mphosph9",0.00138883632722824,-0.27382510887498,0.301,0.51,1
"Ccdc80",0.00143216670603937,-0.279617586697937,0.142,0.312,1
"Agpat5",0.00145955028190959,-0.310163066453414,0.693,0.875,1
"Npepps",0.00146985809814835,-0.306983510158622,0.938,0.99,1
"Mvb12b",0.0014975056796682,-0.284889318157653,0.58,0.792,1
"Gpr137c",0.00152393153892964,0.387591247570646,0.591,0.562,1
"Klhl29",0.00153397645814772,-0.484333412441599,0.29,0.5,1
"Larp7",0.00154089634415012,-0.364853532174045,0.398,0.625,1
"Zfp81",0.00154802700510526,-0.363287806070578,0.318,0.542,1
"Shtn1",0.00154953643031404,-0.367542295710061,0.551,0.76,1
"Supt7l",0.00157060426785717,-0.257008924572207,0.182,0.365,1
"Dner",0.00157112288634627,0.382882441367603,0.347,0.448,1
"Fam185a",0.00157940174630604,-0.283418068950382,0.267,0.469,1
"Ikzf5",0.00158951686002124,0.287122979529062,0.597,0.594,1
"Tnrc18",0.00161546784916412,-0.394701674266264,0.455,0.677,1
"Lasp1",0.00162400918703498,-0.425882183594932,0.773,0.896,1
"Zmat5",0.00163023063389768,0.263368714709424,0.693,0.74,1
"2900026A02Rik",0.00163102068593591,-0.291345235061625,0.659,0.854,1
"Ssu72",0.00163406693139424,0.278169359470285,0.983,0.948,1
"Foxo1",0.00163448855159373,-0.518687244633659,0.034,0.156,1
"Slc7a8",0.00163898796074541,-0.312686230018262,0.869,0.979,1
"Phf12",0.00163898858980285,-0.301949512626732,0.466,0.688,1
"Ak5",0.00165466466836119,-0.363923644978036,0.898,0.979,1
"Sdhaf2",0.0016565228419538,0.265216343088561,0.71,0.729,1
"Bptf",0.00165696879605073,-0.306735639324589,0.949,0.979,1
"Kcnq1ot1",0.00168418604689245,-0.384634200591454,0.983,1,1
"Gria4",0.00169495854376393,-0.462450173918292,0.403,0.625,1
"Hdac1",0.00169605064143321,-0.302478060888132,0.307,0.521,1
"Vps13d",0.00170021366882991,-0.372145067948129,0.534,0.75,1
"Rbfox3",0.00170750275719664,-0.276885210628032,0.989,1,1
"Prrc2b",0.00171589760194375,-0.32143983022335,0.983,1,1
"Cebpb",0.00172316311694145,0.416827201364074,0.591,0.521,1
"Zfp811",0.001757588403723,-0.306093529886863,0.375,0.594,1
"Srsf3",0.00177530705708548,0.265347992553287,0.994,0.99,1
"2310040G24Rik",0.00178646499759425,-0.298090794162567,0.091,0.25,1
"Sccpdh",0.00178918385064462,-0.590951755288263,0.5,0.688,1
"Amigo1",0.00180785889776003,-0.321902337300625,0.5,0.719,1
"Zfp157",0.00182448354625861,0.33162049743642,0.636,0.625,1
"Mafg",0.00184069778313411,-0.336332886307398,0.869,0.948,1
"Nck1",0.00188890693922619,-0.292471142453314,0.432,0.646,1
"Iah1",0.00189692472630359,0.329296282374838,0.534,0.5,1
"Adam11",0.00189922926654279,-0.362874099450787,0.722,0.875,1
"Cdc42bpb",0.00192404214062794,-0.402347177209176,0.773,0.896,1
"Cnksr3",0.00193152804179816,-0.304834952683731,0.097,0.26,1
"Tti1",0.00195302763467136,-0.289019810691395,0.193,0.385,1
"Psmb5",0.0019673340784155,0.251786288552397,0.983,0.917,1
"Phospho2",0.00196796370539193,0.329460736242619,0.5,0.469,1
"Adar",0.00198670505231493,-0.295322105119155,0.926,0.969,1
"Zfp428",0.0020086661413146,0.311352998431119,0.949,0.938,1
"Vdac2",0.00201255147425386,0.252234764417834,0.989,0.969,1
"Asap1",0.00202062865213319,-0.278904706407291,0.949,0.969,1
"Cpne6",0.00203595395333478,-0.348419503917997,0.375,0.594,1
"Btf3",0.00204778231479672,0.275298375632986,0.989,0.99,1
"Abhd16a",0.0020498874328708,0.294863068094592,0.744,0.771,1
"Itfg1",0.0020713371374348,0.256323174410424,0.989,1,1
"Nova2",0.00209280702246383,-0.338886243854645,0.858,0.948,1
"Rangap1",0.00209626916932913,-0.306092051072816,0.966,0.979,1
"Ptov1",0.00211359276318891,0.334632019458904,0.983,0.979,1
"Id2",0.00211887259588417,0.423231893662496,0.983,0.99,1
"Ube2q2",0.00214757012782623,-0.292073728779134,0.778,0.927,1
"Adamts2",0.00214945787748307,0.55307123616546,0.17,0.115,1
"Plxdc2",0.00217469592931807,-0.489317786945744,0.335,0.542,1
"Osbpl1a",0.00217607891107355,-0.31425306019852,0.96,0.99,1
"Pdzrn3",0.002178723354756,-0.366500666216254,0.04,0.167,1
"Trim37",0.00221134782794633,-0.297493786644825,0.966,1,1
"Usp2",0.0022269224200168,-0.344631618128562,0.778,0.917,1
"Srgap3",0.00223892516237112,-0.797607961758428,0.381,0.531,1
"Itgav",0.00227388432922803,0.53149928538943,0.438,0.354,1
"Mllt3",0.00227653046868789,-0.374950142012564,0.54,0.75,1
"Zfp771",0.00227870898361165,0.361723735116254,0.847,0.75,1
"Nr3c2",0.00228022706772009,0.291170395954027,0.233,0.24,1
"5730455P16Rik",0.00228674632302921,-0.434516879367755,0.801,0.885,1
"C1ql3",0.00230285666518405,-1.16738511233244,0.369,0.573,1
"BC030499",0.00233370836631293,-0.62703173407353,0.148,0.323,1
"Racgap1",0.00233427112324806,-0.274691260213867,0.193,0.375,1
"Gm13306",0.00233570563577068,0.358391570423395,0.165,0.042,1
"Mdh1",0.00234117900559162,0.272888047209197,0.994,1,1
"Pogk",0.00234292706291648,-0.321121233945644,0.301,0.51,1
"Pex14",0.00234701225067423,-0.33317743995704,0.449,0.667,1
"Dvl3",0.00235234253079917,-0.273493831004891,0.347,0.552,1
"Mat2b",0.00235475320674522,0.263934542025316,0.977,0.99,1
"Gm12027",0.00235556011951304,-0.317761356829263,0.148,0.323,1
"Sprn",0.00239323531413213,-0.32127335030721,0.926,0.99,1
"Tspyl4",0.00242242734076189,-0.263034043717284,0.989,1,1
"Abhd11",0.00243027518991009,0.279386335624494,0.557,0.531,1
"Pias1",0.00243349348024227,-0.341220041035418,0.682,0.854,1
"Cacna2d1",0.00244595154821437,-0.281410065192811,0.955,1,1
"Gtf2h4",0.00245358693259206,0.365288322619632,0.307,0.188,1
"Camsap1",0.00247157626742764,-0.351660327207332,0.847,0.938,1
"Mtus2",0.00247648258773342,-0.291132354193054,0.682,0.865,1
"Tnrc6b",0.0024859405717156,-0.29324140449454,0.96,0.979,1
"Scamp5",0.00249032317484959,-0.304898143508691,0.983,1,1
"Ube2h",0.00249512436770591,-0.349283984036963,0.784,0.917,1
"Bloc1s6",0.0024958698455548,-0.256327758511627,0.602,0.802,1
"Lhpp",0.00252102379582294,-0.292750335442213,0.08,0.229,1
"Grpel1",0.00252301267136632,0.354435246668171,0.898,0.865,1
"Suclg1",0.00252370472510497,0.336005573087394,0.92,0.875,1
"1810022K09Rik",0.00254229500106966,-0.362792646909144,0.676,0.823,1
"Dctn6",0.00256121570712795,-0.299121635693928,0.75,0.906,1
"Shc2",0.00256391482559624,-0.354072385139933,0.386,0.604,1
"Kcnh5",0.00256463731969338,-0.408140745573226,0.017,0.115,1
"Mpp2",0.00258153476006693,-0.309192193770962,0.858,0.958,1
"Mrpl13",0.0025889034486944,0.333588386258308,0.892,0.885,1
"Ier2",0.00264018000969122,0.50847717704656,0.841,0.875,1
"Grin1",0.00264475228508204,-0.267969322667252,0.977,1,1
"Rbm11",0.0026537167460973,-0.272241238872206,0.17,0.344,1
"Pde4dip",0.0026694356505853,-0.277425207771364,0.79,0.927,1
"Grk2",0.00267535678362033,-0.293836067759611,0.847,0.958,1
"Stt3b",0.00272744440609012,0.354181014784676,0.773,0.771,1
"Fam184a",0.00273424969776798,0.256941943631052,0.352,0.344,1
"Tcaf1",0.0027495741047834,-0.300083307077516,0.989,1,1
"Nipal3",0.00275423885887723,-0.338490633915829,0.812,0.927,1
"Gm10827",0.0027623509882214,-0.359510999299481,0.233,0.427,1
"Etv6",0.00280746297432696,-0.536620612315389,0.148,0.323,1
"Cct8",0.00281395044811868,0.332942365786416,0.955,0.979,1
"Nifk",0.00281808970000051,0.303742788002961,0.574,0.573,1
"Prrc1",0.00283768704283689,-0.284955058658515,0.227,0.417,1
"St3gal2",0.00289552970244051,-0.28994124772545,0.619,0.812,1
"Fbxo25",0.00290679396891478,-0.307766339496527,0.807,0.927,1
"Gna12",0.00291403494295194,-0.30625165928186,0.188,0.375,1
"Hlf",0.00293085009101918,-0.546757302496402,0.926,0.948,1
"Cd44",0.00296288480679807,-0.389977510985395,0.04,0.156,1
"Vps13c",0.00296382845978843,-0.272410686131817,0.523,0.729,1
"Tmem109",0.00298819203510213,0.263275380462672,0.722,0.771,1
"Kantr",0.00300319730232961,-0.299787706544311,0.812,0.938,1
"Clmn",0.00301432613723206,-0.458144079738248,0.352,0.552,1
"Fut11",0.00301898421400203,-0.347284564407894,0.312,0.521,1
"Fhod3",0.00302949092448987,-0.492167531796236,0.261,0.417,1
"Mef2c",0.0030512513418851,-0.49056427924584,1,1,1
"Lrrc73",0.00305698913492673,0.359858332161398,0.824,0.812,1
"Cacna1b",0.0030784059222188,-0.459106827081595,0.733,0.865,1
"Tspyl5",0.00308340841660155,-0.26290973151054,0.727,0.896,1
"Rcan3",0.00309683588348591,-0.469168190644925,0.188,0.354,1
"Htr5a",0.00310815027375312,-0.259144232697029,0.091,0.24,1
"Zdhhc24",0.00314107771318623,-0.37470762098011,0.239,0.438,1
"Mapkbp1",0.00319178061142809,-0.306080777983318,0.295,0.5,1
"Hmces",0.00320231377870185,0.253616100566285,0.438,0.427,1
"Ptgds",0.00320742659998628,0.30881478335855,0.108,0.01,1
"Tmem208",0.00322266136232426,0.341893125386739,0.841,0.792,1
"Bsg",0.00322556024727442,0.262338339101141,1,1,1
"Ndrg2",0.00323823309186744,0.333810146434656,0.398,0.375,1
"Pacsin1",0.00323852451781432,-0.258001347256099,0.994,1,1
"Il6st",0.00325237176966097,-0.334078596585766,0.222,0.417,1
"Map3k4",0.00325587407807197,-0.356022770510421,0.443,0.656,1
"Tef",0.00328778135483907,-0.286574444974252,0.915,0.969,1
"Ubn1",0.00329758205575205,-0.344395875386005,0.761,0.865,1
"Rrp1",0.00332147828598893,0.275125572509166,0.989,1,1
"Prkar2a",0.00332223646251895,-0.257083213902231,0.852,0.958,1
"Fam213b",0.00335573993432603,-0.28062571077539,0.869,0.969,1
"Ulk1",0.00336621928448012,-0.394626450008839,0.517,0.719,1
"Faap100",0.00336659148089581,0.379401526499286,0.369,0.229,1
"Dhcr24",0.00344221358707796,-0.272307231390307,0.744,0.906,1
"Samd10",0.00344589990407711,0.30138883946964,0.33,0.281,1
"Cdh10",0.00349261642648409,-0.508636555151387,0.33,0.458,1
"Jam3",0.00349622939888323,0.284742606443527,0.688,0.646,1
"Nenf",0.00350068712672112,0.293476838282388,1,1,1
"Eif2ak4",0.0035044657202341,-0.292495450674904,0.222,0.406,1
"Trappc4",0.00351456958578327,0.340926154808628,0.966,0.948,1
"Scnm1",0.00351836057123915,0.320299011038462,0.597,0.583,1
"Prune2",0.00353146146432306,-0.326182430637291,0.869,0.958,1
"Kmt5a",0.00355592364524051,-0.487725458183832,0.517,0.646,1
"Gosr1",0.00356752369087688,-0.300651467770056,0.335,0.542,1
"Klhdc10",0.00358063505680203,-0.315102389234939,0.733,0.896,1
"Btbd2",0.00358333141968776,-0.393029242206473,0.597,0.74,1
"Atp8a1",0.00362908930877524,-0.28223681848628,0.977,1,1
"Rgs16",0.00364513718265966,-0.407838612360465,0.125,0.292,1
"Nap1l5",0.00365029778405353,0.286736234738337,1,0.99,1
"Polr2c",0.00366234409111203,0.330532793997058,0.938,0.865,1
"Mrpl12",0.00366948127257974,0.282863235412339,0.938,0.927,1
"Grhl1",0.00373160618750106,-0.359631226890486,0.205,0.396,1
"Arhgap44",0.00373855671045388,-0.269430211365042,0.915,0.979,1
"Golgb1",0.00374944958952531,-0.289552421199415,0.881,0.969,1
"Cyp4x1",0.00375476326836923,-0.319021967505307,0.244,0.438,1
"Nub1",0.00379564318421014,-0.311308915160599,0.83,0.938,1
"Uhmk1",0.00381227443762585,-0.336663348879906,0.932,0.958,1
"Dnpep",0.003829429449449,0.306982555173539,0.54,0.521,1
"Gm26782",0.00385091260157818,-0.494488853478793,0.284,0.438,1
"Polg",0.00385738041798705,0.310849805030802,0.631,0.646,1
"Mrpl35",0.00390840907344566,0.350574464857142,0.83,0.75,1
"Cacna1h",0.00392299356824603,0.311745525241212,0.239,0.25,1
"Ap2a2",0.00392670146675939,-0.275430861729092,0.989,1,1
"Bola1",0.0039745025638802,0.298302380837011,0.705,0.688,1
"Ndufaf3",0.00400994833230205,0.369175899206275,0.898,0.875,1
"Sun1",0.00401284499363473,-0.256481208644052,0.574,0.771,1
"Ube2r2",0.00405718220680007,-0.305805705154504,0.909,0.979,1
"Psmc6",0.00409439002073726,0.359526905054352,0.949,0.917,1
"Xkr4",0.00412358430715729,-0.379768988904513,0.438,0.646,1
"Aif1",0.00412993936712477,0.29636979760882,0.284,0.24,1
"Kcnn2",0.00416688569602486,0.395228768216909,0.483,0.5,1
"Glra2",0.00416835211096095,0.411457073174472,0.767,0.604,1
"Xiap",0.00421078416814128,-0.265999902311073,0.807,0.917,1
"Rrp36",0.0042236854470975,-0.333842905662121,0.165,0.344,1
"Twf1",0.00425176341011469,-0.251048512076364,0.636,0.823,1
"Ppp1r2",0.00426735038008834,0.32070916734695,0.983,1,1
"Actn4",0.00426956908500507,-0.415376416473214,0.75,0.854,1
"Strbp",0.00428735828035674,-0.299900531472113,0.989,1,1
"Dnajb6",0.00433484962612523,0.276082170586379,1,1,1
"Ldhb",0.00436192898300098,0.276889814546501,0.983,0.958,1
"Kcnab1",0.00436703398520702,-0.596630295837294,0.273,0.469,1
"Zfp30",0.00436782788672378,-0.339479519031377,0.347,0.552,1
"Trim2",0.0043752894028841,-0.303104327355189,0.994,1,1
"Ybey",0.00445061143550079,-0.347213525665244,0.119,0.281,1
"Ccdc91",0.0044569170263904,-0.314339349348472,0.517,0.719,1
"Hnrnph2",0.00448984583334728,0.318890719950243,0.949,0.948,1
"Pitpnb",0.00453073459627304,-0.332206222862462,0.642,0.823,1
"Sel1l",0.00456881297128498,-0.339337640500449,0.932,0.979,1
"Cyp46a1",0.00456961360813939,-0.380458829436712,0.801,0.917,1
"Tmem145",0.00460350966235069,-0.31176085121081,0.205,0.385,1
"Stk40",0.0046132320727045,-0.340899527621674,0.472,0.677,1
"Vwa5b2",0.00461455970608092,-0.277052925247081,0.295,0.49,1
"Pcdh10",0.00464817369994517,-0.354568947454009,0.909,0.969,1
"Igfbp5",0.0046694286706251,-0.572221574001552,0.614,0.74,1
"Dnajc6",0.00468240241738488,-0.274472175705492,0.983,1,1
"D10Wsu102e",0.00473505984022246,-0.290676954418789,0.784,0.917,1
"Slc35b4",0.00473704844239887,-0.286360171458222,0.506,0.708,1
"Zeb2",0.00476637250775437,-0.304066599718802,0.977,1,1
"Slc22a23",0.00476988209271045,-0.38640612771763,0.489,0.688,1
"Cdk2ap1",0.00478297049615648,-0.343111134284835,0.312,0.51,1
"Mical3",0.00481782236944081,-0.406802401422681,0.733,0.854,1
"Fos",0.00482221038584215,0.292606433583434,0.909,0.979,1
"Epha4",0.00486780687883331,-0.707075990662866,0.892,0.969,1
"Frmpd4",0.00489341568819828,-0.284658341933727,0.778,0.906,1
"Pwwp2a",0.00491595610567732,-0.319088819950969,0.568,0.76,1
"Armc9",0.00494873237098934,0.266510624072893,0.483,0.448,1
"Plxnc1",0.00494959518809971,-0.29008307003471,0.682,0.854,1
"Exosc3",0.00495708653472995,0.307432103971314,0.318,0.219,1
"Col12a1",0.00496950421503561,0.481666665782452,0.705,0.646,1
"Slc19a1",0.00497954787099864,0.340709302775889,0.188,0.073,1
"Tmem94",0.00499894297569308,-0.396347943933308,0.21,0.396,1
"Ypel2",0.00500094173409745,-0.356186225493456,0.58,0.771,1
"Yipf4",0.00506262262687492,0.253116521327365,0.943,0.917,1
"Cuedc2",0.00512868215364396,0.338277459284287,0.977,0.948,1
"Mrpl24",0.00513157014875368,0.352161146521929,0.795,0.698,1
"Arhgap17",0.00515178563400376,0.284193846118173,0.58,0.594,1
"Prps2",0.00516858650423544,-0.325262494618517,0.284,0.479,1
"Myh9",0.00518421624233306,-0.400288954118886,0.176,0.354,1
"Slc7a5",0.00519258717905759,-0.318758641261746,0.42,0.625,1
"Fopnl",0.00519636039323796,0.38132223338878,0.926,0.906,1
"Arnt2",0.00521393833461353,-0.36648091134308,0.881,0.948,1
"Gm2415",0.00527549317775767,-0.300264766744225,0.188,0.365,1
"Brsk2",0.00531704433303666,-0.320148483795003,0.71,0.875,1
"Ccl25",0.0053175027256777,0.306387333135415,0.46,0.438,1
"Tstd3",0.00532519489855446,-0.371670076526876,0.506,0.698,1
"Efna3",0.00535457430762926,-0.290639272662578,0.591,0.781,1
"Tubgcp5",0.00542538216992829,0.38873581187848,0.517,0.396,1
"Pde4d",0.00543222578918552,0.266932573881351,0.83,0.865,1
"Hs6st1",0.00545905595002762,-0.329395293644924,0.301,0.5,1
"Adamtsl1",0.0054881884945639,-0.485137214885132,0.21,0.385,1
"Tagap1",0.00549975107142011,-0.32697469858325,0.534,0.729,1
"Trhr",0.00552000889855763,-0.514923216964648,0.097,0.229,1
"Scand1",0.0055443142445129,0.263033657337917,0.989,0.969,1
"Ube2o",0.00556299966103191,-0.280230692751753,0.886,0.969,1
"Ntrk2",0.00560040112716818,-0.261256401416728,0.994,1,1
"Dgke",0.00564820976672156,-0.292287513319019,0.812,0.938,1
"Zfp239",0.00564947272388202,-0.339365080366954,0.699,0.844,1
"Gamt",0.0057697089870965,0.293242755828718,0.278,0.25,1
"Gfra2",0.00577330974734607,-0.384941478315618,0.784,0.917,1
"Crkl",0.00578240123481385,-0.271256619924625,0.545,0.74,1
"Usp24",0.00589365196959581,-0.287673229536258,0.5,0.698,1
"P4htm",0.00590376271035044,0.345266583927444,0.841,0.823,1
"Cnrip1",0.00590915805572695,-0.250175173826643,0.972,1,1
"Ranbp9",0.00593901134479194,0.260046733481872,0.835,0.812,1
"Ak3",0.00595868731730075,-0.333117230490442,0.312,0.51,1
"Dpp6",0.00607362833713503,-0.360690445997298,0.642,0.812,1
"Asic1",0.00609891432616501,-0.344048326581019,0.517,0.708,1
"Gfpt1",0.00612488398329887,-0.301060265674443,0.631,0.812,1
"Zbtb38",0.00615824999677106,-0.256654881774321,0.875,0.969,1
"Rasd2",0.00619759816239964,-0.43027849629413,0.307,0.5,1
"Lmtk2",0.00624657271651693,-0.50074908451814,0.528,0.708,1
"Ptprd",0.00625763975161559,-0.259410276632092,0.994,1,1
"Plekhm1",0.0062751214215392,-0.359697583284716,0.182,0.354,1
"Psme3",0.0062871561479751,-0.30501907592703,0.807,0.906,1
"Gpr26",0.00631235815612092,-0.324500613638826,0.773,0.906,1
"Gcc2",0.006330994281177,-0.301219462014496,0.864,0.927,1
"Prr13",0.00634847080151353,0.430560645931402,0.739,0.615,1
"Mto1",0.00642486380602546,0.379114219022439,0.506,0.375,1
"Atxn7l3",0.00642915593936149,-0.343390469852256,0.869,0.958,1
"Add2",0.00646082885227866,-0.269367046545803,0.955,0.958,1
"Slc3a2",0.00646553679960968,0.337444690139563,0.773,0.802,1
"Arhgap23",0.00657499049433706,-0.279916200494141,0.619,0.802,1
"Rab15",0.00658395714576725,-0.267564742091276,0.915,0.979,1
"Cit",0.00667852570769894,-0.308456596444307,0.96,1,1
"Sox9",0.00671434027360529,-0.766688110991859,0.062,0.177,1
"Rpgrip1l",0.00671990889745419,-0.309016611002749,0.369,0.562,1
"Prss22",0.00673249223417825,-0.422534733916009,0.25,0.438,1
"Hcn1",0.0067700239335757,0.42472463106844,0.926,0.885,1
"Plbd2",0.00683432499075616,-0.251770766617785,0.432,0.625,1
"Alg11",0.00692563306307326,-0.29505251687856,0.506,0.698,1
"Rnf165",0.00696676026572121,-0.29995520590714,0.795,0.906,1
"Ppfia2",0.00698018930916516,0.313544210576699,0.733,0.802,1
"Mrps18a",0.00698225963179044,0.333939349508809,0.966,0.958,1
"Lgals8",0.00698229740543763,-0.368374546120931,0.29,0.479,1
"Atrn",0.00704238796571678,-0.254895451624181,0.943,0.979,1
"Nfat5",0.00708666295757487,-0.30709287830668,0.835,0.948,1
"Supt4a",0.00710083772642584,0.252284607820855,0.977,0.969,1
"Cops7a",0.00715422109112211,-0.254715075788695,0.903,0.969,1
"Abcb10",0.00715805954302718,-0.294458188962288,0.392,0.583,1
"Wdr77",0.00716479652886887,-0.354403577033997,0.585,0.75,1
"Slc7a4",0.00717499438041404,0.262404872143308,0.642,0.656,1
"Gdi1",0.00720956737172655,-0.253536000452622,0.977,1,1
"Gpc6",0.00721960244414973,-0.337482409757246,0.108,0.25,1
"Plekhj1",0.00727941007810693,0.287951118984892,0.938,0.927,1
"Grk5",0.00729565469770179,-0.281022027155431,0.051,0.167,1
"Slc39a10",0.00738763128654644,-0.370431053446721,0.96,0.99,1
"Tmem14c",0.00750979598576832,0.283189210461444,0.926,0.875,1
"Rdx",0.00753378836538467,-0.293898121511106,0.653,0.823,1
"Zfp318",0.00755457494874196,-0.252843105836213,0.574,0.76,1
"Mcrs1",0.00757536691407388,0.34098837062628,0.807,0.74,1
"Rab8b",0.00761809447546608,0.387880494899285,0.568,0.583,1
"Klhl5",0.00765084315612857,0.27129039411083,0.244,0.188,1
"Ctsd",0.00766728446817037,-0.301709489469482,0.858,0.927,1
"Qpct",0.00770245389556556,0.446872405518974,0.432,0.323,1
"Sat1",0.00771932776715511,0.2611118201962,0.5,0.552,1
"Rabac1",0.00772109511474769,0.271722616679286,0.994,0.969,1
"Kdm7a",0.00773779078313217,-0.343094571720383,0.71,0.865,1
"Creld1",0.00774383674286761,0.307388335641147,0.841,0.833,1
"Diaph2",0.00782830152767797,0.28813703896927,0.523,0.521,1
"Jund",0.00784754213383472,0.291545226916799,1,1,1
"Gm26699",0.00784839562553384,0.286542873478689,0.432,0.427,1
"Armcx4",0.00789456994186375,0.256976427211578,0.67,0.688,1
"Unc13a",0.00791623442445872,-0.256081729609309,0.858,0.958,1
"Psmb3",0.00791955779621408,0.330400907609109,0.915,0.833,1
"Orai2",0.00802607595449317,-0.322991856142798,0.483,0.677,1
"Wdr37",0.00813447514364564,0.256322598585679,0.801,0.802,1
"Sgsm1",0.00817155253849464,-0.476075476820618,0.648,0.76,1
"Grb2",0.00820467251147738,-0.284364659982754,0.96,1,1
"Ackr1",0.00821937666017983,-0.326699561275257,0.71,0.854,1
"Rrnad1",0.00826098266722602,-0.353742833752075,0.443,0.635,1
"Zfyve28",0.00826182943427117,-0.262160669599606,0.506,0.698,1
"Bcl9",0.00826963285500799,-0.290877845993065,0.54,0.729,1
"Fbxo42",0.00828787355828306,-0.368273953289623,0.312,0.5,1
"Aspscr1",0.0083417356828998,0.264862795662359,0.511,0.479,1
"Bms1",0.00834992600119588,-0.285628389422693,0.324,0.51,1
"Hmgxb4",0.00836726020856207,-0.291196976240646,0.239,0.417,1
"Prrg3",0.0083681507949131,-0.318230283705634,0.665,0.833,1
"Noa1",0.00837903378337147,0.365297274301438,0.335,0.271,1
"4930570G19Rik",0.00841594406400873,-0.270658556538324,0.188,0.354,1
"Dusp18",0.00841833902302572,-0.37381433180556,0.523,0.708,1
"Acvr1b",0.00845341621851666,-0.307714139704306,0.739,0.875,1
"Enoph1",0.00849110563598308,0.329332367520258,0.699,0.656,1
"Wnk2",0.00852592576233939,-0.256948738510783,0.733,0.885,1
"Cep126",0.00865935623575611,-0.306917914777348,0.33,0.521,1
"Trpc3",0.00868646770120256,-0.356922763878812,0.085,0.219,1
"Thop1",0.00875262504434186,0.41515741998357,0.551,0.417,1
"Gnb4",0.00884032738765276,-0.527153033986977,0.358,0.521,1
"4632415L05Rik",0.00890482804571638,-0.264311218431875,0.364,0.552,1
"Slc52a2",0.00895968280587396,0.265012180251919,0.222,0.156,1
"Crhr1",0.00896735248903812,-0.416382476986356,0.091,0.229,1
"Mbd6",0.00898567220403191,-0.3101808647553,0.33,0.521,1
"Alyref",0.00900675392889886,0.280502089941807,0.858,0.865,1
"Fam189a1",0.00900895366835715,-0.334817921834551,0.653,0.812,1
"Clmp",0.00909945677803401,-0.293772658315695,0.028,0.125,1
"Wdfy3",0.00912426521511372,-0.292868699569947,0.92,0.948,1
"Ate1",0.00913044681649652,-0.317028844033172,0.83,0.927,1
"Mrpl11",0.00915610167580361,0.298382963338074,0.955,0.906,1
"Slc35a4",0.00917469939604046,-0.401842193933079,0.324,0.49,1
"Naa15",0.00919053316662047,-0.33092193877045,0.773,0.875,1
"Cfap97",0.00920692051716605,-0.342606119668979,0.517,0.698,1
"Rbm34",0.0093167234733883,-0.380812116198831,0.517,0.677,1
"D16Ertd472e",0.00936443415407736,-0.305272704238515,0.034,0.135,1
"Exph5",0.00944181390226854,-0.251840942523793,0.034,0.135,1
"Zdhhc14",0.00945443934384569,-0.345621465466022,0.392,0.583,1
"Csmd3",0.00948762966569277,-0.297132246235018,0.71,0.854,1
"Mkx",0.00948807195337306,-0.287357310920768,0.142,0.292,1
"Adck2",0.0095241128511268,0.308633972657925,0.295,0.219,1
"Myl4",0.00960347291001631,0.913532172016624,0.341,0.292,1
"Glyr1",0.00966213283099614,-0.253137145548356,0.932,0.979,1
"Dlgap1",0.00968569676285645,-0.290884418372599,1,1,1
"Synpr",0.0096932841040701,-0.856257839849603,0.04,0.104,1
"Stard10",0.00970303868563635,0.302284683454083,0.807,0.802,1
"Adgrb1",0.00971819263451343,0.256713206383107,0.972,0.99,1
"Pgrmc2",0.00974986802644006,-0.256937366466207,0.818,0.938,1
"Rnf152",0.00984261703759775,0.417939156322664,0.648,0.615,1
"Wrb",0.00990811396160092,-0.2632743703672,0.784,0.917,1
"Tfpt",0.00993909168494388,0.356184093496535,0.619,0.552,1
"Cdyl2",0.00995301177296849,-0.302962684967804,0.284,0.469,1
"Ccdc50",0.00997273837972906,-0.309756027099602,0.665,0.812,1
"Gm13205",0.0101393683358505,-0.270582491603739,0.426,0.615,1
"Bcor",0.010175253655866,-0.386178711238773,0.352,0.531,1
"Zdhhc8",0.0102678377553401,-0.307146501641366,0.699,0.854,1
"Brpf1",0.0102982006389673,-0.287941262745911,0.261,0.438,1
"Taf9b",0.0104786496920515,0.257678306248047,0.5,0.458,1
"Grem2",0.0105330461822311,-0.279572881474882,0.489,0.677,1
"Nkain3",0.0105848680849916,-0.376462768725274,0.102,0.24,1
"Dzip1",0.010587849523856,0.278350345710677,0.619,0.615,1
"Znhit6",0.0106590713449725,-0.290120344130507,0.335,0.521,1
"Nexmif",0.0106615475167016,-0.356535808771157,0.824,0.906,1
"Rpia",0.0107649208195437,0.324388643833708,0.29,0.208,1
"Smarcd1",0.0107742123892185,-0.290107068897632,0.915,0.958,1
"Vegfd",0.0107935411413852,-0.586225449275937,0.119,0.24,1
"Fbxo10",0.0108085922794734,-0.316502626953241,0.205,0.375,1
"Apc2",0.0108381374156756,-0.340898210241226,0.591,0.76,1
"Rad23a",0.0109160366479008,0.319100437989117,0.801,0.771,1
"Magi2",0.0109347180434213,-0.262307364163878,0.938,0.969,1
"Gprc5b",0.0109358276944656,0.42096197888042,0.153,0.042,1
"Rgs7bp",0.0109711813647876,-0.257386021842128,1,0.99,1
"Tle1",0.0110030008955001,-0.252372326361219,0.136,0.271,1
"Ppp1r14b",0.0110326357595055,-0.269558081131619,0.33,0.51,1
"Chst12",0.0110347412382705,0.278392045884184,0.284,0.229,1
"Wnt7b",0.0110502839315612,-0.469445313751853,0.591,0.729,1
"B830012L14Rik",0.0110543637056002,0.298911944678026,0.528,0.458,1
"Avpi1",0.0111039286176651,0.301531369260066,0.722,0.698,1
"Cx3cl1",0.0111559053696268,-0.256979322010276,0.994,1,1
"Tdp2",0.0112093774196109,0.299066404111634,0.562,0.521,1
"Pcdhb22",0.0112993618820187,0.378547895028259,0.148,0.052,1
"Por",0.0113754270191225,-0.38546490691564,0.403,0.583,1
"Msantd2",0.0114061345384591,0.299104281239283,0.386,0.302,1
"Slc26a4",0.0115521737077633,-0.343645018989812,0.04,0.135,1
"Dagla",0.0115712075031755,-0.3620633410917,0.335,0.521,1
"Asns",0.0116394896181858,0.408190539494692,0.761,0.688,1
"Cox15",0.0117331674982294,-0.261055025387605,0.21,0.375,1
"Cdkl4",0.0117575768215042,0.367033556960728,0.449,0.438,1
"Ap1s2",0.0117625441456642,0.358100434120174,0.5,0.406,1
"Fgfr1",0.0118268171224699,0.363050866766475,0.347,0.302,1
"Polr3c",0.011935811801474,0.273280809221718,0.267,0.219,1
"Tnfaip8l1",0.0120567095216324,-0.269581656211076,0.142,0.292,1
"Nell2",0.0121141314112421,-0.266218387409766,0.983,1,1
"Exosc4",0.01214889551137,0.38362456645795,0.818,0.729,1
"Cry2",0.0122056694588051,-0.268679387286385,0.886,0.948,1
"Arrb1",0.0122171756414604,-0.256802994500721,0.79,0.917,1
"Unc5d",0.0122318773107559,-0.425840406997207,0.074,0.198,1
"Rab3c",0.0122856788379423,-0.434470258619586,0.909,0.969,1
"Pdzrn4",0.0123659249395945,0.412852322647981,0.75,0.688,1
"Rpp25l",0.0124172613560094,0.359358261238612,0.688,0.573,1
"1700003E16Rik",0.0124363587509624,0.275090760228306,0.261,0.219,1
"Tmem47",0.0124560273586813,0.463853139890659,0.33,0.302,1
"Tmem65",0.0124593494485325,-0.331412654757255,0.739,0.865,1
"Rit1",0.0124755750414625,0.291448929721535,0.79,0.75,1
"Wwp1",0.0124922517165831,-0.283411536132292,0.483,0.667,1
"Tmem70",0.0124951397228515,0.313367087953412,0.898,0.812,1
"Gm11266",0.0125399121993675,0.290682145800462,0.142,0.062,1
"Dffb",0.0125755372299612,-0.367572511233663,0.182,0.344,1
"Hcn3",0.0125799067653776,-0.320762192799573,0.102,0.24,1
"Stum",0.0126423024164105,-0.808822965790149,0.233,0.365,1
"Ramp1",0.012718161283877,0.277380464667086,0.972,0.917,1
"Acp2",0.0127315695919329,-0.324672125944734,0.727,0.854,1
"Pbx4",0.0128235651281997,0.34608279783777,0.562,0.479,1
"Dapk3",0.0128334893069228,0.392946639638033,0.648,0.583,1
"Tmem127",0.0128792957767776,-0.263644344172532,0.665,0.823,1
"Tsc1",0.0128922396356517,-0.275237927357316,0.585,0.76,1
"Galt",0.0129651807129349,0.317064932451389,0.699,0.635,1
"Gng7",0.0129757414532563,0.367506090301115,0.176,0.146,1
"Xpo6",0.013002885343731,-0.269849540143738,0.597,0.771,1
"Chmp2a",0.0130581019239144,0.264479231229564,0.966,0.896,1
"Rnps1",0.0131658134039669,-0.263786570362627,0.903,0.969,1
"Tpcn1",0.0131785636691025,-0.277189712645145,0.205,0.365,1
"Eif2b2",0.0132373805594923,-0.263773830205849,0.483,0.667,1
"Arfgef2",0.0132849728885834,-0.277856789260656,0.409,0.594,1
"Efna5",0.0134477172029823,-0.550556017982621,0.256,0.354,1
"N4bp1",0.0134552143044977,-0.307883988514977,0.574,0.75,1
"Ppp2r5e",0.0134571305948941,-0.26101940974731,0.79,0.917,1
"Emc4",0.0134834265947632,0.257986780784043,0.943,0.938,1
"Grp",0.0134945550095049,0.458021531668236,0.295,0.344,1
"Pex5l",0.0135035311922183,0.467282753203662,0.75,0.802,1
"Chd4",0.0136168644570214,-0.297230794412221,0.722,0.865,1
"Mex3c",0.0136556841244795,0.356941918874613,0.398,0.333,1
"Apoe",0.0136753462203006,0.285794929625995,0.159,0.125,1
"Cops4",0.0137713783997693,0.277327786396369,0.881,0.885,1
"Gm19410",0.0138221481745772,0.361565370656239,0.477,0.302,1
"Rilpl1",0.0138994441353468,-0.255982578009481,0.318,0.49,1
"Mapk6",0.0139691228924055,-0.288064303094509,0.409,0.594,1
"Dgkh",0.0141376245842362,-0.372574784808294,0.943,0.958,1
"Cadm2",0.0142900219557762,-0.288182069519675,0.994,1,1
"Sipa1l2",0.0143322731909328,-0.344511955382291,0.148,0.292,1
"Xpot",0.0143334631573914,-0.255622878579999,0.682,0.833,1
"Camk4",0.0143463135790106,-0.271897114492305,0.949,0.948,1
"Rac3",0.0143649703586621,-0.323495499221266,0.67,0.823,1
"Acot2",0.0144314657990777,-0.351462292658898,0.222,0.385,1
"Pnmal1",0.0144612953100558,-0.276040566859112,0.949,0.979,1
"Cck",0.0144855411707943,-0.939654813448,0.642,0.625,1
"Vdac3",0.0145933068395606,0.285851243563158,0.994,0.979,1
"Prmt8",0.0146146265181285,-0.325098132599212,0.568,0.74,1
"Pip4k2a",0.014646837561106,-0.325501907329629,0.733,0.854,1
"Hist3h2a",0.0147290356560502,0.375776493621344,0.79,0.729,1
"Xpo7",0.0147691319007517,-0.331579459982684,0.773,0.896,1
"Kcna6",0.0148329355612135,-0.262804747021408,0.892,0.969,1
"Fahd1",0.0148428439947962,0.269045931116954,0.511,0.479,1
"Rmst",0.0148766160888426,-0.524347964969913,0.085,0.208,1
"Rpl10-ps3",0.0149691329587426,0.253945245568886,0.659,0.667,1
"Jagn1",0.0149769702201133,0.253391528339373,0.744,0.719,1
"Large1",0.0150060212284459,-0.289726256915892,0.966,0.979,1
"Cox11",0.0150308071448737,0.296458965280736,0.568,0.49,1
"Unc5a",0.0150703030239452,-0.283629099010317,0.625,0.792,1
"Tmem245",0.0151743218188854,-0.330330031992058,0.915,0.948,1
"Vldlr",0.015210263730118,-0.398089770295091,0.443,0.625,1
"Grik3",0.0152156149317317,-0.300629485039068,0.818,0.906,1
"Fam126a",0.015228229934377,0.479688424837549,0.267,0.219,1
"Zdhhc21",0.0153546917377765,-0.278812068497308,0.795,0.917,1
"Rcn1",0.0154357192468802,0.259051918784693,0.307,0.302,1
"Gapvd1",0.0155612222993728,-0.264270175344198,0.852,0.938,1
"Ajap1",0.0159097496361328,-0.481314489582129,0.205,0.365,1
"Vstm2l",0.0159217186654432,-0.677809295009206,0.244,0.396,1
"Kcnq3",0.0159887765634928,-0.538805167795975,0.824,0.927,1
"2610524H06Rik",0.0160002415306843,0.282188330129981,0.722,0.698,1
"Sox5",0.0161495988339816,0.274644577407376,0.75,0.74,1
"Cyp2u1",0.016187357947523,0.268473377188078,0.301,0.24,1
"Prmt1",0.0161977528583787,0.299788481865848,0.892,0.812,1
"Spats2l",0.0162161718392158,-0.33961762308521,0.136,0.281,1
"St8sia1",0.0162910350034673,0.373982926271579,0.472,0.365,1
"Slc23a2",0.0162912315012029,-0.368737353670614,0.795,0.875,1
"Yjefn3",0.0163183487353905,0.282480799946538,0.528,0.521,1
"Phactr3",0.0163267607825566,-0.343927903214482,0.648,0.802,1
"Nov",0.0163383186112263,0.380527266079087,0.71,0.677,1
"Tmem108",0.016516666645882,-0.450938324533863,0.449,0.562,1
"4833422C13Rik",0.0165246667848024,-0.370655737380007,0.102,0.229,1
"Tcerg1l",0.0167125817356948,0.534907286386127,0.131,0.052,1
"Lhx2",0.0167189528130831,-0.534781172636354,0.114,0.25,1
"Grm2",0.0167355703282038,-0.585329641702088,0.222,0.344,1
"Mgll",0.0167893434853807,-0.318674560217655,0.778,0.906,1
"Mrpl28",0.016816143014745,0.27123044425625,0.949,0.865,1
"Idh3g",0.0168422108485323,0.266978054553912,0.858,0.833,1
"Mn1",0.0169883756778964,-0.41817303089654,0.153,0.302,1
"Tnr",0.0171266941711136,-0.35202424911199,0.773,0.875,1
"Agpat3",0.0171654548571722,-0.277040963424178,0.824,0.927,1
"Tmem178",0.0172665168411973,0.317102304510355,0.92,0.865,1
"Ddrgk1",0.0172999550843215,0.29008707897086,0.886,0.833,1
"Hexa",0.0174078696365435,0.277299499062866,0.619,0.583,1
"Tpm4",0.0174408143345767,0.271985715152442,0.216,0.146,1
"Pip4k2c",0.0175480815807221,-0.350398591841505,0.75,0.844,1
"Jpt1",0.0175994009416024,0.279432452416885,0.972,0.99,1
"Sema3c",0.0176340836521452,-0.516793915457972,0.358,0.531,1
"Psmb2",0.0177078051304891,0.25454370618473,0.955,0.865,1
"Kctd4",0.0177663633743163,-0.275151150386884,0.324,0.49,1
"Rccd1",0.017771025483705,0.253178841932071,0.381,0.375,1
"Arid1a",0.0179017784139912,-0.279737612672817,0.864,0.948,1
"Arnt",0.0180803976311799,-0.300144009521886,0.364,0.542,1
"Ewsr1",0.0181079923364014,0.259873335842425,0.955,0.979,1
"Mpp5",0.0181493366054651,-0.319134854483599,0.54,0.698,1
"Tbcel",0.0181942709091004,-0.310612358398396,0.585,0.719,1
"Foxk1",0.0182480675083329,-0.270104182334817,0.545,0.719,1
"Phf21a",0.0183288330119548,-0.30299524902179,0.528,0.698,1
"Hsd17b10",0.0183486367293728,0.319443012965104,0.71,0.646,1
"Cntln",0.018368002639303,-0.310708517519111,0.335,0.51,1
"Bmi1",0.0184151470981521,0.364163026475957,0.625,0.531,1
"Slitrk3",0.0184250906797456,-0.271658172584563,0.358,0.531,1
"Bphl",0.0184440356175566,0.324743043393684,0.585,0.51,1
"Eea1",0.0188007633177573,-0.271307136676314,0.807,0.906,1
"Nsmce4a",0.0188085481728316,0.264800244664256,0.812,0.76,1
"Gnal",0.0188177359391801,-0.330376645909381,0.619,0.781,1
"Abr",0.0189128382006319,-0.269473995521409,0.955,0.969,1
"Bbs1",0.0189432530464472,-0.275107196833078,0.426,0.604,1
"Upf2",0.019007942257971,-0.334408389149256,0.756,0.875,1
"Slc29a1",0.019052648291123,0.28813017325135,0.307,0.229,1
"Rnmt",0.0192489726263082,-0.278708504877675,0.841,0.917,1
"Rapgefl1",0.0192669760759137,-0.265308779530256,0.83,0.906,1
"Cul9",0.0193859023494485,0.3183966825872,0.562,0.51,1
"Creg2",0.019517785226246,-0.264446783697911,0.932,0.927,1
"Golga4",0.019539234619986,-0.312078547244198,0.807,0.917,1
"Serf1",0.0197442585240774,-0.274382087371919,0.756,0.885,1
"Chst10",0.0198249970018436,-0.37334498782115,0.523,0.667,1
"Tox",0.0200038274036764,0.347278427372906,0.812,0.854,1
"Tspan5",0.0201955488012905,-0.284608250550485,0.943,0.99,1
"Mrgbp",0.0202658780824113,0.374393719839286,0.381,0.271,1
"Gars",0.0202691123006123,0.303320777758513,0.767,0.76,1
"Dnal1",0.0204067818413048,-0.308702276590391,0.722,0.823,1
"Cobl",0.0204755149657618,-0.343562363199886,0.852,0.938,1
"Clvs2",0.0204934866426487,0.329782514458197,0.852,0.812,1
"Nav1",0.0205028700302971,-0.427751766600273,0.773,0.854,1
"Gpr135",0.0205483203106779,-0.311804144701748,0.426,0.594,1
"Rab27b",0.0205693195536983,-0.29723114922876,0.636,0.792,1
"Secisbp2l",0.0207092587150946,-0.270247312705663,0.795,0.906,1
"St3gal3",0.0207630649243734,-0.268225614562052,0.273,0.438,1
"Fmn2",0.0207972488615965,-0.276156587804236,0.812,0.917,1
"Zfp131",0.0208021230782322,-0.29892592796028,0.756,0.865,1
"Nit1",0.0208057026011286,0.300330525692617,0.665,0.583,1
"Zfp422",0.0209454744704185,0.257287998001155,0.54,0.5,1
"Nrp2",0.0209539776638595,-0.398195772943513,0.545,0.708,1
"Sstr3",0.0210016049624387,-0.289545432889872,0.165,0.312,1
"Cdkn1c",0.0210465637778351,-0.50874310810865,0.051,0.146,1
"H2-T22",0.0210609323367037,0.251990496676295,0.574,0.562,1
"Plekhg5",0.0211825415270121,-0.307256204035189,0.551,0.708,1
"Whrn",0.0211831085382992,-0.334580791484282,0.199,0.354,1
"Cst6",0.0212010405544503,0.287701937421478,0.631,0.615,1
"Gtf3c4",0.0212087360412305,-0.255392747334927,0.307,0.469,1
"9530082P21Rik",0.0213753458729431,0.282354772029978,0.307,0.26,1
"Olfml2b",0.0214369073486094,0.328140374575092,0.295,0.156,1
"Sesn3",0.021473406246853,-0.252688940055846,0.92,0.979,1
"Rnf24",0.021588199498103,-0.339011206849238,0.58,0.708,1
"Phb",0.0216130596376768,0.30523758787528,0.693,0.667,1
"Zfpl1",0.021695113883243,0.25895706205241,0.625,0.583,1
"Kcnip2",0.0217355855398107,-0.355467736447353,0.358,0.531,1
"Gm14419",0.0217506059409987,0.368612491444455,0.273,0.198,1
"Ssbp2",0.021795245610388,0.264460086285621,0.983,0.969,1
"Trim35",0.0219184969605525,-0.251196330324265,0.96,1,1
"B630019K06Rik",0.0219963327116114,0.272942692760938,0.642,0.562,1
"Ypel5",0.0220647978548154,0.300637088886461,0.858,0.823,1
"Ankrd13b",0.0220672558800073,-0.280906252722078,0.625,0.781,1
"Gdpd5",0.0221594932596037,0.257811406891991,0.557,0.552,1
"Rgs6",0.0221908833245053,-0.337724819772668,0.506,0.677,1
"Robo2",0.0224893893655095,-0.372906392165615,0.409,0.583,1
"Cipc",0.0225964579233836,-0.268677455572489,0.625,0.781,1
"Rras2",0.0227256903701245,0.275675196028435,0.307,0.24,1
"Prkcsh",0.0229087491621793,0.30412791116807,0.722,0.677,1
"Fam84a",0.0230869049213152,0.377646878453707,0.205,0.177,1
"Bmp3",0.0231069444157004,-0.366580397970708,0.659,0.802,1
"B230217C12Rik",0.0231082927932018,0.331132817367262,0.886,0.854,1
"Carm1",0.023177080266634,-0.337071301640942,0.597,0.729,1
"Traf5",0.023327350276148,0.296766329488565,0.131,0.042,1
"Arhgap42",0.0233731572529207,-0.298672369837798,0.142,0.281,1
"Capn15",0.0234528426080888,-0.298335349050184,0.42,0.594,1
"Psmb7",0.0236136477173686,0.276928243736714,0.915,0.906,1
"Zfp593",0.0236612702940963,0.304611071504453,0.494,0.385,1
"Glg1",0.0237569551905514,-0.288839974737466,0.858,0.938,1
"Nsa2",0.023800638576451,-0.283013091551047,0.835,0.906,1
"Ptprj",0.0238482058506174,-0.266916351605876,0.659,0.812,1
"Hip1",0.0238986798667877,-0.325299607873214,0.284,0.448,1
"Hacd2",0.0240354877584528,-0.305545244076423,0.5,0.667,1
"Wiz",0.0241198287591228,-0.279634921208584,0.392,0.562,1
"Chil1",0.0242031322427904,0.380871935321665,0.244,0.146,1
"Grm3",0.0242603483483485,-0.350762471552716,0.494,0.656,1
"Sntg1",0.0243817652095648,-0.319329980944646,0.256,0.417,1
"Plcxd2",0.024471817794555,-0.347003071234199,0.21,0.365,1
"Cdh24",0.0245057794205546,0.273259594569058,0.165,0.062,1
"Tsc22d3",0.0245448139046711,0.339441670560679,0.801,0.688,1
"Khsrp",0.0245799908701478,-0.294736516038732,0.5,0.667,1
"Uba2",0.024708429023234,0.297942827915351,0.818,0.792,1
"Pmepa1",0.0248018120743364,-0.312577777421724,0.756,0.875,1
"Mrpl22",0.0248399540274898,0.347924469640187,0.693,0.583,1
"Cd99l2",0.0248691840111401,-0.269982879632737,0.812,0.917,1
"Ar",0.0249510365583108,-0.298403394381977,0.795,0.865,1
"Grik4",0.0253363690788748,-0.301513045318324,0.426,0.594,1
"Kcnq5",0.025349680921346,-0.409896512880584,0.585,0.719,1
"Smim18",0.0256108039126053,0.315063576831974,0.608,0.583,1
"Vps18",0.0256117792889294,-0.250504452748721,0.392,0.562,1
"Cops5",0.0256691173354283,0.317751797961289,0.847,0.781,1
"Stx16",0.0256705574280559,-0.318954386465371,0.847,0.917,1
"Slc9a8",0.0258137665069841,-0.286357578538454,0.312,0.479,1
"Mpv17",0.02600753813163,-0.250369872333733,0.756,0.885,1
"Krt12",0.0260205478933927,-0.521255790950012,0.114,0.208,1
"Dhx40",0.0261017866301647,0.254216494710854,0.256,0.208,1
"Mcts1",0.0262756582882739,0.255148818085527,0.903,0.865,1
"Arhgap29",0.0263264195605387,0.298910593278414,0.148,0.073,1
"Islr2",0.0263312679833295,-0.282464554856998,0.727,0.865,1
"Man1a2",0.0265139393556813,-0.340236328124065,0.909,0.958,1
"Pikfyve",0.0267682194398007,-0.262394274434985,0.602,0.76,1
"Bcl10",0.0268599678182967,0.252687185362472,0.511,0.5,1
"Acot9",0.026875662367114,0.368320734789351,0.614,0.458,1
"Fbrs",0.0274056261452637,-0.273777344696361,0.324,0.49,1
"Psmg3",0.0274222592828496,0.258083500565331,0.602,0.573,1
"Adamts13",0.0275786671380095,0.396746312024205,0.216,0.135,1
"Ttyh1",0.0276997232312325,-0.25567431508002,0.909,0.948,1
"Amotl1",0.0279266653200563,-0.355252565461969,0.148,0.281,1
"Fam84b",0.0279880606169847,0.434801034213665,0.136,0.052,1
"Kcnc2",0.0280600371808079,-0.309092132659199,0.057,0.156,1
"Ppm1h",0.0280808856499919,-0.383518853740482,0.614,0.74,1
"Nudt4",0.0281251325378739,-0.321825938281739,0.852,0.833,1
"Dicer1",0.028166140338355,-0.305184311354304,0.688,0.792,1
"Stx17",0.0282005795370355,-0.262728979344475,0.29,0.448,1
"Necap2",0.028346787224356,-0.254224946164767,0.131,0.26,1
"Ndufs3",0.0286177290390254,0.258185114289625,0.943,0.948,1
"Gm3764",0.0286534884260352,0.290644519861177,0.562,0.562,1
"Kdm6a",0.0287287623611766,0.281730057932224,0.443,0.469,1
"Golga2",0.0287584327888048,-0.285948752806528,0.659,0.802,1
"Acox1",0.0287654684498538,-0.267129667630035,0.875,0.938,1
"Map4k5",0.0287700935814097,0.29077936703746,0.602,0.521,1
"1110046J04Rik",0.0288748693450339,-0.285192316894404,0.25,0.406,1
"Tsen34",0.0289077523324122,0.260067095122586,0.841,0.833,1
"Sebox",0.0290597862314197,0.370467224548427,0.466,0.448,1
"Gmppb",0.029316699182938,0.270766915021798,0.324,0.271,1
"Sgf29",0.0295668667013469,0.329064945087913,0.415,0.302,1
"Wipf3",0.0296882907989225,-0.336463473898068,0.739,0.865,1
"Oser1",0.0298044285453253,0.273478561230913,0.42,0.323,1
"Rfesd",0.0298108571983576,-0.274286458312719,0.375,0.542,1
"Mapk3",0.0299383463370946,-0.274445676703541,0.83,0.917,1
"Vps28",0.0302271948222971,0.30217746201304,0.972,0.938,1
"Kcnb1",0.0309296274066405,-0.287624424001491,0.994,1,1
"Rae1",0.0311094172922534,0.271303613163579,0.676,0.688,1
"Sox11",0.0311471383814371,0.268417633767736,0.716,0.708,1
"Medag",0.0314570459578937,-0.388133379913016,0.114,0.229,1
"Ppm1m",0.0316369779303343,-0.28893794823121,0.085,0.198,1
"Zfp688",0.0320030998606419,-0.264992703273177,0.261,0.417,1
"5033430I15Rik",0.0320102170462014,-0.258151931987045,0.074,0.177,1
"Ext1",0.0322822993843471,-0.306732775259877,0.812,0.896,1
"Nrsn1",0.0323770780957883,-0.552491388650758,0.977,0.99,1
"Isyna1",0.0323802487420537,0.289062501802415,0.261,0.177,1
"Mc1r",0.0324100585916759,0.312845717973696,0.205,0.104,1
"Epc2",0.0324821846903025,-0.359031056683274,0.631,0.719,1
"Il17ra",0.0324868113585642,0.33715631800847,0.386,0.25,1
"Sox8",0.0327022405196641,0.272887215318928,0.477,0.479,1
"Cdh7",0.0327297347819865,0.27064136117977,0.227,0.219,1
"2410015M20Rik",0.0329561050771062,0.288338283920692,0.983,0.979,1
"Mtmr4",0.0331169815014389,-0.303280930025904,0.58,0.729,1
"Rap1a",0.033148032299453,-0.284558696646516,0.739,0.854,1
"Sash1",0.0331764832737424,-0.28480740967867,0.318,0.479,1
"Lamp5",0.0331883331116954,0.458749326217699,0.205,0.156,1
"Klhl20",0.0332227436897028,-0.283087424489439,0.261,0.417,1
"Rnf144a",0.0332665458131817,-0.363979268214256,0.125,0.229,1
"Golga3",0.0333480306286958,-0.33235510765317,0.528,0.688,1
"Brms1",0.0336771149398534,0.326084597311438,0.528,0.406,1
"Arhgef26",0.0336789617124111,0.42338047400299,0.119,0.042,1
"Psenen",0.0338005003870819,0.301458412085817,0.898,0.875,1
"Pcsk1",0.0338507571997695,-0.296383500798578,0.5,0.656,1
"Mink1",0.0339886465234615,-0.279281524048485,0.784,0.885,1
"Atp6ap1l",0.034071419879513,0.398082521366325,0.642,0.521,1
"Ptpre",0.0342458696445616,-0.274490207383742,0.682,0.823,1
"Rab3gap2",0.0343339473897212,-0.267545132703893,0.636,0.781,1
"Cul4a",0.0343362576639778,-0.250623507709413,0.54,0.698,1
"Timp2",0.0344879514517885,-0.333819772619649,0.847,0.938,1
"Stac2",0.0347460103612667,0.283374332958746,0.381,0.229,1
"Gpr158",0.0350153048320814,-0.32791137130704,0.886,0.938,1
"Gsr",0.0351146221323292,0.285309574074744,0.778,0.667,1
"Wrnip1",0.035115272591537,-0.294497607484372,0.58,0.729,1
"Rhoa",0.0351809106595884,0.286084496507179,0.983,0.99,1
"Arpin",0.0355162415668284,0.258698833631626,0.153,0.083,1
"Ablim3",0.0356858962458887,-0.307426152690414,0.273,0.427,1
"Robo1",0.0358649739603925,0.319612478859162,0.489,0.438,1
"Lrp8",0.0362181759972954,-0.334110071141299,0.591,0.719,1
"Srsf6",0.0363008257289513,0.250216371707459,0.892,0.844,1
"H2-T23",0.0368911450911528,0.400335601182073,0.25,0.156,1
"Tnfrsf25",0.0369247997644907,0.259972468995651,0.199,0.094,1
"Mrpl15",0.0374849281343562,0.290784665895329,0.739,0.677,1
"Mboat7",0.0378264249595072,-0.252174813895317,0.864,0.948,1
"Bdp1",0.0379534498084534,-0.338622610114632,0.625,0.76,1
"Rpa2",0.0382434241989078,0.263759391375419,0.244,0.167,1
"Klhdc8b",0.0384869691243086,-0.416688342896336,0.188,0.323,1
"Dsel",0.0387255795942197,-0.259750539050013,0.443,0.604,1
"Fosb",0.0388825598313339,0.349776496707991,0.886,0.906,1
"Ndufa9",0.0391732591287287,0.259066009382843,0.79,0.802,1
"Pgam2",0.0393063546149946,0.327942559034693,0.119,0.052,1
"Nab2",0.0395473060443888,0.256492096921493,0.597,0.562,1
"Sap18",0.0399115447740142,0.265432519667686,0.96,0.948,1
"Slc25a14",0.040099361848157,0.303869445963711,0.903,0.875,1
"Ubr4",0.0404398244762677,-0.259710903327518,0.71,0.833,1
"Api5",0.0405173306173059,0.292061730546494,0.784,0.76,1
"Atp2b4",0.040832750585076,-0.263785932613483,0.983,1,1
"Htr1f",0.0410115466088703,0.279003002679924,0.614,0.458,1
"Lhfp",0.0410577306330134,-0.379105348391412,0.324,0.479,1
"BC030500",0.0412880184520793,-0.274967129494217,0.091,0.198,1
"Chml",0.0415662692743385,-0.254095978777212,0.415,0.573,1
"Them6",0.0416074530966999,0.29943818749748,0.642,0.562,1
"Btrc",0.0417377142309044,0.291322988907127,0.801,0.719,1
"Bcl6",0.0420938508904682,0.489139388681584,0.153,0.073,1
"Egr3",0.0423664876137637,0.310040740729422,0.994,0.958,1
"Gpank1",0.0425330021190053,-0.278501720885641,0.324,0.479,1
"Ift27",0.0430083654332925,0.265032755799816,0.551,0.51,1
"Garnl3",0.0436344684952104,0.294503367865343,0.92,0.938,1
"Unc13b",0.0436876413561591,-0.258721277952126,0.489,0.646,1
"Tmx1",0.0437347373414323,0.251800056846076,0.699,0.646,1
"Nrgn",0.0437450677520433,0.328596296399666,1,1,1
"Chd3os",0.0438509794533518,-0.261474214678058,0.994,1,1
"Urah",0.044018674245189,0.428607149914649,0.17,0.073,1
"Btg1",0.0445828546740945,0.299363789925471,0.818,0.812,1
"Sdccag3",0.0446004196006735,-0.276303037341544,0.699,0.812,1
"Cbr1",0.0448813621917104,0.305028119325854,0.824,0.75,1
"Rad50",0.045051944040644,-0.303823093293036,0.369,0.521,1
"Eif3i",0.0451968276520878,0.268395967298905,0.955,0.906,1
"Ctgf",0.0452203926610813,0.606465478635135,0.295,0.198,1
"Kcnb2",0.0453795510248973,-0.572249731402247,0.466,0.594,1
"Atp1b3",0.0453929532146392,-0.293090448282467,0.75,0.844,1
"Tiparp",0.045415184542112,0.31277314551195,0.318,0.333,1
"Cxcl12",0.0458351209149751,0.301018675767732,0.858,0.75,1
"Hipk2",0.0459054257685909,-0.283121358122714,0.472,0.625,1
"Pdia6",0.046329731910419,0.285941632295188,0.864,0.812,1
"Ddx49",0.0465465210076478,0.257310186411353,0.341,0.292,1
"Lyrm9",0.0468346936095507,-0.275571498251339,0.568,0.719,1
"Ric1",0.0469566465556254,0.278972738739639,0.381,0.312,1
"Gadd45b",0.0473374502686363,0.654305891099934,0.767,0.656,1
"Zfp703",0.047498351893545,0.459746907742677,0.261,0.24,1
"Sssca1",0.0479086006167687,0.264856009228213,0.852,0.823,1
"Cct4",0.0482152348822477,0.282440075527633,0.92,0.885,1
"Dkk3",0.0486116630324593,-0.42588742089017,0.983,0.979,1
"Ppcdc",0.0486460588884263,0.252083645557402,0.449,0.375,1
"Ttll1",0.0488700906789482,0.268681500428072,0.693,0.573,1
"Kdm4b",0.0489655384444389,-0.269940340478263,0.29,0.438,1
"Zik1",0.0493553171898806,0.251857710515953,0.392,0.302,1
"Ikzf2",0.0493996531617547,0.356974227492017,0.205,0.167,1
"Mrps11",0.0498090869165793,0.260702478530673,0.784,0.688,1
"Fam120a",0.0502346057689814,-0.277782247496187,0.722,0.823,1
"Lhfpl3",0.0502937654012971,-0.312476176177141,0.284,0.427,1
"Twnk",0.0503416934409706,0.259954188403695,0.256,0.177,1
"Abhd17b",0.0507122339751929,-0.271056110944008,0.631,0.771,1
"Crocc",0.0510288388444382,0.253476551196829,0.528,0.521,1
"Osbpl10",0.0513609505206787,0.30470157915084,0.159,0.094,1
"Arl4a",0.0513835822548901,-0.266618452314536,0.807,0.885,1
"Sirt3",0.0514315917751324,0.251420245328555,0.835,0.854,1
"Unc5c",0.0516441816667481,-0.433307788327147,0.21,0.344,1
"Baz1b",0.0516576976366881,-0.259773692152835,0.79,0.896,1
"Usp6nl",0.0517686514048331,-0.290648117457338,0.199,0.333,1
"Ubxn1",0.0519873099153312,0.288047571673606,0.926,0.896,1
"Mrpl41",0.052085223270667,0.25987983227901,0.955,0.958,1
"Ythdf2",0.0527183170272325,-0.256801511038545,0.733,0.833,1
"Gm2694",0.0527902125904944,-0.301258872271249,0.409,0.562,1
"Gas6",0.0538343548441129,0.296480072862623,0.574,0.49,1
"6430573F11Rik",0.0538464976892627,0.333045477222167,0.136,0.083,1
"Fuom",0.0539459225884035,0.279217263087226,0.773,0.656,1
"Kcng2",0.0543698156837907,0.301659636301283,0.233,0.125,1
"C2cd2l",0.0545846291550221,-0.261810110652822,0.79,0.885,1
"Ethe1",0.0546126741710755,0.279716254259585,0.716,0.583,1
"Arhgef15",0.054641393211694,0.291311726777511,0.551,0.49,1
"Kdm5c",0.0547709847938927,0.282355772437652,0.562,0.479,1
"Kcnv1",0.0555369147441013,-0.364930957026534,0.483,0.615,1
"Cldn10",0.0555615942833985,0.279191883897992,0.381,0.24,1
"Sema4d",0.056133301695931,-0.332168868058726,0.426,0.542,1
"Dnajc17",0.0568748202776899,0.252550657429752,0.318,0.25,1
"Tenm2",0.0569884086143885,-0.479288492342578,0.812,0.906,1
"Tm9sf4",0.0570342632318246,-0.254262776608252,0.801,0.865,1
"Man1c1",0.0571481874098081,-0.279365386905233,0.08,0.177,1
"Cib2",0.0576048497884699,-0.287631525602099,0.597,0.74,1
"Gadd45g",0.0577472540275217,0.335845980433359,0.864,0.927,1
"Calu",0.0578027076720493,-0.257221926497107,0.585,0.729,1
"Ildr2",0.0583929179053031,-0.330535275288111,0.801,0.854,1
"Stxbp5l",0.0584671137104801,0.269087947347281,0.915,0.917,1
"Pde8b",0.0585207941707387,-0.292394579709834,0.591,0.729,1
"Cacna1g",0.0588053946528808,-0.305057517600382,0.239,0.375,1
"Aldh2",0.0590702002288415,0.332359869661071,0.676,0.583,1
"Tmem167",0.060088344226298,0.272456778598009,0.983,0.958,1
"Katnal1",0.0602891129291345,-0.268020986826166,0.739,0.812,1
"Washc4",0.0607047771704048,-0.260148799843776,0.455,0.604,1
"Efnb2",0.0608013725967518,-0.291210576783099,0.614,0.75,1
"Limch1",0.0612720777093287,-0.286682868688839,0.159,0.281,1
"Rsad1",0.0614887346136383,-0.282764437012998,0.153,0.271,1
"Cct7",0.0618748570615081,0.301871343205783,0.903,0.875,1
"Dab2ip",0.0619187933246844,-0.35343711016471,0.602,0.719,1
"Prkci",0.0619569496445499,-0.276467586411536,0.574,0.708,1
"Arxes1",0.0624292013651216,0.287724835768953,0.767,0.656,1
"Dgcr8",0.0625060213580271,-0.250794966968127,0.466,0.615,1
"Abhd6",0.0625971904791355,-0.28061730007912,0.551,0.677,1
"Gm17056",0.0633703418093468,-0.333550357586989,0.267,0.406,1
"Ighm",0.0634326465541339,0.411654360315342,0.295,0.302,1
"Arl4d",0.0637962844777956,0.480217056959077,0.693,0.74,1
"Grb10",0.0638083514054695,-0.259018503404887,0.477,0.625,1
"Mapkapk2",0.0643132465245896,-0.277268984830999,0.267,0.406,1
"Zfp580",0.065223263160624,0.265546771538055,0.653,0.552,1
"Syt17",0.0653575649774826,-0.488122447924841,0.205,0.333,1
"Psen1",0.0659463673187068,0.271548280860405,0.545,0.458,1
"Atf6b",0.066037572574463,0.26705436887112,0.455,0.323,1
"Gsn",0.0662453431345479,0.254173347394584,0.193,0.115,1
"Lrp1",0.0664243950439171,-0.261944737704222,0.886,0.938,1
"Akap13",0.0664260105697136,-0.301944515715836,0.307,0.448,1
"Cryab",0.0665949708715746,0.378948798923464,0.568,0.615,1
"Tmf1",0.0671919184254746,-0.251426377204398,0.642,0.771,1
"2610001J05Rik",0.0674172806563122,0.296139628241794,0.875,0.854,1
"Zfp280b",0.0683353795541727,-0.251845510404118,0.205,0.333,1
"Tanc1",0.068469627046383,0.35998033562074,0.102,0.031,1
"Clu",0.0685098335333345,0.283292105643891,0.903,0.875,1
"Hivep3",0.068530693481508,-0.28834094932082,0.943,0.969,1
"Mpi",0.0687532770033957,0.290243104153773,0.466,0.375,1
"Gstt1",0.0696179445372682,0.285821200580807,0.273,0.177,1
"Nsmce1",0.069677148259525,0.28869897343855,0.528,0.438,1
"Tle3",0.0698399808245073,-0.347554002422615,0.074,0.156,1
"Pdk3",0.0699642138360989,0.266624066515582,0.472,0.396,1
"Gm3839",0.0699796367180841,0.25433933689985,0.273,0.198,1
"Adcy7",0.0709058103261253,-0.320670443762828,0.062,0.125,1
"B9d2",0.0711795536612247,0.353669826097923,0.676,0.615,1
"Lgi2",0.0713566567805738,-0.360335524458666,0.392,0.5,1
"Zfp941",0.0718093441252238,-0.321321067079722,0.193,0.271,1
"Nans",0.0720904338835402,0.255819472754593,0.381,0.302,1
"Osbp2",0.0722096190120317,-0.286736777965725,0.54,0.677,1
"Col25a1",0.0737438193779727,-0.452512958784029,0.244,0.344,1
"Arhgef4",0.0737592395409838,-0.265705783954052,0.847,0.917,1
"Tulp3",0.0742745592369045,0.401063565132355,0.369,0.292,1
"Fbxw7",0.0743314936537538,-0.272628765013862,1,1,1
"Efnb1",0.0760589232517923,-0.300540331997641,0.312,0.448,1
"Trib2",0.0767069748944881,-0.351220512296,0.284,0.406,1
"Clec16a",0.077106645059051,-0.272756439952535,0.494,0.615,1
"Bicra",0.0776976316029058,0.250333998301768,0.193,0.094,1
"Cacna1i",0.0777503844407108,-0.362319604948732,0.307,0.365,1
"Ripor2",0.0779812378648914,-0.256066086788532,0.631,0.76,1
"Rgma",0.0783199091184605,0.347371988786438,0.273,0.198,1
"Sorcs3",0.0803805102162137,-0.384537001482787,0.227,0.354,1
"Ppa2",0.0825812921668482,0.280195525042979,0.864,0.802,1
"Oma1",0.0828715806121797,0.276808672618354,0.193,0.115,1
"Utrn",0.0831912437068713,-0.489398801670908,0.074,0.156,1
"Prdm2",0.083216680800863,-0.251238135183919,0.591,0.719,1
"Chrnb2",0.0834660453610612,-0.279474590981171,0.392,0.531,1
"Fancd2",0.0845183718790794,0.293463296770036,0.54,0.448,1
"Fam13c",0.0855021945376436,-0.26187211213205,0.551,0.688,1
"Capn3",0.0862082834455493,0.291070710604827,0.244,0.146,1
"Pcsk5",0.0862950690764821,0.292063353901267,0.335,0.281,1
"Col6a1",0.0866244112086849,0.318815242568155,0.727,0.604,1
"Lrrtm4",0.0881255466694469,0.284108216539059,0.375,0.375,1
"Dock10",0.0891432673004306,-0.253426819959009,0.085,0.177,1
"Rell1",0.0894665742010138,0.30278224332612,0.585,0.51,1
"Fam217b",0.0909027683185762,-0.306870389244758,0.761,0.854,1
"Nrp1",0.0918985298534529,0.323213587497438,0.744,0.688,1
"Extl3",0.0919240368831104,-0.297025132818266,0.545,0.667,1
"Mlec",0.0923117136367373,-0.28514746749964,0.619,0.708,1
"Git2",0.0929769089187706,-0.253708736773107,0.489,0.625,1
"Ttc28",0.0964502730688353,-0.304465798300183,0.085,0.167,1
"Faah",0.0976670616424847,-0.263090617193071,0.688,0.802,1
"Peak1",0.0977658576270533,0.274961978871909,0.75,0.667,1
"Drg1",0.0981533627232282,0.264977054345803,0.83,0.802,1
"A830036E02Rik",0.0986262848504245,-0.478241376438459,0.119,0.219,1
"Pcdh8",0.0987106318303843,0.47939682462621,0.205,0.146,1
"Ntm",0.0992177998009667,-0.679449301588139,0.67,0.708,1
"Fam229b",0.100377224994077,-0.278825936988993,0.443,0.531,1
"Mturn",0.101378508009394,-0.273033263247005,0.54,0.646,1
"Emd",0.101805871338056,0.263735773072856,0.807,0.76,1
"Masp1",0.101840152450168,-0.270987832221398,0.278,0.396,1
"Grb14",0.102338693998655,-0.264830016073008,0.261,0.385,1
"Arpp21",0.102403833696426,-0.290773852011609,0.994,1,1
"Doc2b",0.102795418060348,0.305078503819278,0.114,0.052,1
"Fezf2",0.105026812307328,0.314780219656504,0.92,0.854,1
"Add3",0.105614950875215,-0.253266850179699,0.676,0.792,1
"Acsl5",0.106690003612792,-0.284207474852982,0.443,0.573,1
"Kit",0.107853508037591,0.313919634672302,0.506,0.479,1
"Scyl3",0.109117632162242,-0.282876748087781,0.307,0.427,1
"Gm45184",0.109338648611214,0.462519645548169,0.159,0.094,1
"Wrap73",0.110734454740445,0.25130155836417,0.477,0.385,1
"Gpn1",0.111267053375523,0.250993681504288,0.631,0.51,1
"Tmem80",0.11141364591067,-0.29879328832454,0.58,0.667,1
"Fjx1",0.111844804866163,-0.252693854524576,0.534,0.656,1
"Gprin3",0.117181046119491,-0.260144816081596,0.273,0.396,1
"Stxbp6",0.119420339337027,0.692501696300202,0.205,0.125,1
"Ptn",0.119868330762959,-0.417890812882031,0.705,0.792,1
"Btg2",0.121198845196856,0.38598956288917,0.898,0.844,1
"Cd46",0.122367985841056,0.254946889512125,0.222,0.146,1
"St3gal1",0.122610900361458,-0.252854814975728,0.619,0.719,1
"Fam122a",0.124215614109253,0.260945068922707,0.494,0.385,1
"Luzp2",0.126174650064139,0.313460300014185,0.142,0.073,1
"Syt4",0.12866731423477,-0.3180181145196,1,1,1
"Osbp",0.128878055823285,-0.291350127740149,0.557,0.667,1
"Cpa6",0.128947132979658,0.28621334262124,0.199,0.135,1
"Galnt13",0.130547662140467,0.306397185545707,0.597,0.51,1
"Sigmar1",0.130811986574863,0.256160525796772,0.682,0.625,1
"Itpka",0.131700188315157,0.35666902622113,0.903,0.885,1
"Sms",0.134130931853481,-0.260631107534918,0.955,0.969,1
"Gm26917",0.134145387543143,-0.453270555235687,0.812,0.885,1
"Nuak1",0.136012422470931,-0.266552522420502,0.688,0.781,1
"Cthrc1",0.136885386224212,-0.293197217493108,0.119,0.208,1
"Rtn4rl1",0.137785725825626,-0.350063801211102,0.125,0.219,1
"Slc24a2",0.138169394642237,-0.335909651182736,0.886,0.938,1
"Tbl1xr1",0.138705096498469,-0.253481234902789,0.824,0.885,1
"Rasl10a",0.138813878776917,-0.320737472400527,0.824,0.812,1
"Bdnf",0.139953223872409,-0.468759836003309,0.318,0.427,1
"Bicd2",0.140087660565173,-0.258739480998715,0.455,0.562,1
"Sptlc1",0.140194623990777,-0.266581832524026,0.409,0.531,1
"Cntnap5a",0.143073826031973,0.261814563618182,0.267,0.281,1
"Ctsz",0.143141479937009,0.28856805799586,0.636,0.573,1
"2900055J20Rik",0.14337491148391,-0.278392066105156,0.585,0.698,1
"Shank2",0.146777099163735,-0.271755892645654,0.727,0.781,1
"Gucy1a1",0.148756540114517,-0.262315465427192,0.256,0.365,1
"E330009J07Rik",0.15329654198917,-0.251978680533096,0.574,0.667,1
"Enpp2",0.154066794344139,-0.367250983847302,0.148,0.229,1
"Cdk17",0.156103484855013,0.346459736279171,0.938,0.927,1
"Lrtm2",0.156401703814589,-0.255645136702026,0.33,0.448,1
"Fbl",0.159360245186589,0.261998981622884,0.818,0.802,1
"Dscaml1",0.159841626405945,0.273016016765928,0.733,0.656,1
"Tmem2",0.161105483438924,0.34716866247503,0.352,0.292,1
"Twsg1",0.161842602103763,-0.254255349980455,0.392,0.479,1
"AY036118",0.162485410272711,0.264084279474274,0.869,0.812,1
"Kirrel3",0.16318592882326,0.337898133775577,0.17,0.094,1
"Cd63",0.169142063804499,0.261950074227863,0.136,0.094,1
"Gpatch4",0.171428564961972,-0.261737574893561,0.449,0.552,1
"Mest",0.172024731314404,-0.274077122995813,0.511,0.625,1
"Otud1",0.177165135088255,0.421299761877177,0.631,0.625,1
"Caprin2",0.178013165786116,0.269322674615128,0.352,0.302,1
"Tiam2",0.181002698640951,-0.261653665953364,0.506,0.594,1
"Man2a2",0.183748542741545,0.256212555082328,0.761,0.719,1
"Grm1",0.18564690961347,-0.264139243563995,0.619,0.646,1
"Rgs8",0.189219870191975,-0.321287668239571,0.239,0.333,1
"Chgb",0.189605699286965,0.266992915933248,0.966,0.979,1
"Hist1h2bc",0.193257537523109,0.28760166342426,0.534,0.479,1
"Plcxd3",0.196584332580493,0.311329614747061,0.528,0.448,1
"4930447C04Rik",0.197925750321141,-0.251238172267255,0.54,0.635,1
"Gm4631",0.203327958559256,-0.266887454686584,0.369,0.469,1
"Id4",0.209926472292785,0.260008809396343,0.256,0.188,1
"Rasgrf2",0.212785698124123,-0.398422380300947,0.273,0.375,1
"Kcnip4",0.218829810274655,-0.278591146496089,0.46,0.5,1
"Homer2",0.220072604760508,-0.268445740958732,0.551,0.635,1
"Nr4a2",0.224185507519707,0.442780024370661,0.534,0.521,1
"Yif1b",0.226845772660173,0.258982781670454,0.739,0.656,1
"Fam3c",0.228458478179266,-0.344341777423849,0.71,0.802,1
"Vgf",0.245393883297019,0.252017092059909,0.801,0.781,1
"Fbxl18",0.255782608559195,-0.274353912754712,0.409,0.51,1
"Egr4",0.258399070947291,0.251872677901229,0.83,0.844,1
"Fam212b",0.258857795101439,-0.285229822216369,0.722,0.792,1
"Cdc42ep3",0.263596327090063,0.262785046306851,0.67,0.646,1
"Cyr61",0.267040356239782,0.31202149501127,0.71,0.656,1
"Rorb",0.283907016951252,-0.349861934271986,0.108,0.177,1
"Nr1d1",0.285740202711287,-0.255012707283293,0.528,0.594,1
"Slc4a3",0.287059342115855,-0.273449762051972,0.597,0.677,1
"Junb",0.304957475922082,0.452806762274402,0.983,0.99,1
"Rgs2",0.307409393604156,-0.422755312113447,0.688,0.771,1
"Etv1",0.314848069089546,-0.71536120698747,0.557,0.542,1
"Edil3",0.324064703983953,-0.359901871355575,0.403,0.469,1
"Ptpn5",0.326705270572675,-0.319090977232731,0.824,0.865,1
"Onecut2",0.329655352472343,-0.28343761969184,0.233,0.292,1
"Ccdc13",0.335475158159604,-0.277836491194435,0.097,0.156,1
"AI593442",0.342985581060412,-0.251045610693995,0.795,0.865,1
"Gm29666",0.351702216474668,-0.303325323674668,0.159,0.229,1
"Ptgs2",0.358881278070459,-0.556969307009148,0.153,0.219,1
"Cadps2",0.366088519855988,0.26060707791985,0.812,0.771,1
"Rassf3",0.383761576900631,-0.291805567654593,0.142,0.188,1
"Rasl11a",0.398575292618895,0.386452290471167,0.148,0.094,1
"Hspa1b",0.402561136646883,0.253489034567152,0.375,0.333,1
"Fam19a5",0.407493105734592,-0.26170658782035,0.54,0.594,1
"Nyap2",0.435944748881189,-0.267253647481244,0.511,0.542,1
"Lypd1",0.497830255765569,0.511242751300573,0.79,0.75,1
"Krt80",0.507688174608865,0.273258723046582,0.188,0.146,1
"Rxfp1",0.640275420232176,-0.365053263088984,0.307,0.271,1
"Gm13889",0.734858554385645,0.294671792194847,0.358,0.385,1
"Ppm1l",0.744399451529871,-0.250267651696213,0.932,0.948,1
